,A:7,A:dim,A:maj,A:maj6,A:maj7,A:min,A:min7,A:sus2,A:sus4,Ab:7,Ab:dim,Ab:maj,Ab:maj6,Ab:maj7,Ab:min,Ab:min7,Ab:sus2,Ab:sus4,B:7,B:dim,B:maj,B:maj6,B:maj7,B:min,B:min7,B:sus2,B:sus4,Bb:7,Bb:dim,Bb:maj,Bb:maj6,Bb:maj7,Bb:min,Bb:min7,Bb:sus2,Bb:sus4,C#:7,C#:dim,C#:maj,C#:maj6,C#:maj7,C#:min,C#:min7,C#:sus2,C#:sus4,C:7,C:aug,C:dim,C:maj,C:maj6,C:maj7,C:min,C:min7,C:sus2,C:sus4,D:7,D:dim,D:maj,D:maj6,D:maj7,D:min,D:min7,D:sus2,D:sus4,E:7,E:dim,E:maj,E:maj6,E:maj7,E:min,E:min7,E:sus2,E:sus4,Eb:7,Eb:dim,Eb:maj,Eb:maj6,Eb:maj7,Eb:min,Eb:min7,Eb:sus2,Eb:sus4,F#:7,F#:dim,F#:maj,F#:maj6,F#:maj7,F#:min,F#:min7,F#:sus2,F#:sus4,F:7,F:dim,F:maj,F:maj6,F:maj7,F:min,F:min7,F:sus2,F:sus4,G:7,G:dim,G:maj,G:maj6,G:maj7,G:min,G:min7,G:sus2,G:sus4
A:7,1.80%,0.00%,7.19%,0.00%,0.00%,1.80%,0.60%,0.00%,0.60%,0.00%,0.60%,0.00%,0.00%,0.00%,0.00%,0.00%,0.00%,0.00%,0.00%,0.00%,0.00%,0.00%,0.00%,0.60%,0.60%,0.60%,0.00%,0.00%,1.20%,3.59%,0.00%,0.00%,0.00%,0.00%,0.00%,0.00%,0.00%,2.99%,0.00%,0.00%,0.00%,0.00%,0.00%,0.00%,0.00%,0.00%,0.00%,0.00%,0.00%,0.00%,0.00%,0.00%,0.00%,0.00%,0.00%,0.00%,0.00%,22.16%,0.00%,1.20%,11.98%,1.80%,1.20%,1.80%,0.00%,0.60%,11.98%,0.00%,0.00%,0.00%,2.99%,0.00%,0.00%,0.00%,0.00%,0.00%,0.00%,0.00%,0.00%,0.00%,0.00%,0.00%,0.00%,0.00%,1.20%,0.00%,0.00%,9.58%,0.00%,0.00%,0.00%,0.00%,0.00%,2.40%,0.00%,0.00%,0.00%,0.00%,0.00%,0.00%,0.60%,0.00%,5.99%,0.00%,0.00%,1.80%,0.00%,0.00%,0.60%
A:dim,0.00%,12.82%,0.00%,0.00%,2.56%,0.00%,0.00%,0.00%,0.00%,0.00%,0.00%,10.26%,0.00%,5.13%,0.00%,2.56%,0.00%,0.00%,0.00%,0.00%,2.56%,0.00%,0.00%,0.00%,0.00%,0.00%,0.00%,0.00%,0.00%,15.38%,0.00%,0.00%,7.69%,0.00%,0.00%,0.00%,0.00%,0.00%,0.00%,0.00%,0.00%,0.00%,0.00%,0.00%,0.00%,0.00%,0.00%,0.00%,2.56%,0.00%,0.00%,5.13%,0.00%,0.00%,0.00%,5.13%,0.00%,15.38%,0.00%,0.00%,0.00%,0.00%,0.00%,2.56%,0.00%,0.00%,2.56%,0.00%,0.00%,0.00%,0.00%,0.00%,0.00%,0.00%,0.00%,0.00%,0.00%,0.00%,0.00%,0.00%,0.00%,0.00%,0.00%,0.00%,0.00%,0.00%,0.00%,0.00%,0.00%,2.56%,0.00%,0.00%,0.00%,2.56%,0.00%,0.00%,2.56%,0.00%,0.00%,0.00%,0.00%,0.00%,0.00%,0.00%,0.00%,0.00%,0.00%,0.00%,0.00%
A:maj,0.43%,0.00%,10.73%,0.10%,0.78%,1.32%,0.19%,1.65%,0.74%,0.04%,0.21%,1.13%,0.00%,0.00%,2.97%,0.64%,0.00%,0.21%,0.31%,0.02%,9.77%,0.04%,0.04%,9.95%,1.01%,1.19%,0.47%,0.00%,0.12%,1.15%,0.00%,0.08%,0.04%,0.00%,0.00%,0.00%,0.12%,0.02%,0.21%,0.00%,0.00%,3.19%,0.35%,0.00%,0.04%,0.00%,0.00%,0.04%,1.48%,0.00%,0.00%,0.10%,0.00%,0.06%,0.00%,0.04%,0.00%,14.40%,0.06%,0.95%,3.36%,0.16%,1.61%,0.14%,0.06%,0.00%,9.44%,0.25%,0.12%,1.52%,0.25%,0.10%,0.41%,0.00%,0.10%,0.04%,0.00%,0.00%,0.00%,0.02%,0.00%,0.00%,0.00%,0.04%,1.03%,0.00%,0.00%,7.97%,0.56%,0.04%,0.19%,0.00%,0.00%,0.70%,0.02%,0.06%,0.00%,0.00%,0.02%,0.00%,0.00%,0.00%,4.78%,0.06%,0.06%,0.27%,0.00%,0.19%,0.00%
A:maj6,0.00%,0.00%,14.29%,0.00%,0.00%,0.00%,0.00%,0.00%,2.38%,0.00%,0.00%,0.00%,0.00%,0.00%,2.38%,7.14%,0.00%,0.00%,0.00%,0.00%,4.76%,0.00%,0.00%,7.14%,2.38%,0.00%,4.76%,0.00%,0.00%,0.00%,0.00%,0.00%,0.00%,0.00%,0.00%,0.00%,0.00%,0.00%,0.00%,0.00%,0.00%,0.00%,2.38%,0.00%,0.00%,0.00%,0.00%,0.00%,0.00%,0.00%,0.00%,0.00%,0.00%,0.00%,0.00%,0.00%,0.00%,4.76%,0.00%,0.00%,0.00%,0.00%,9.52%,0.00%,0.00%,0.00%,4.76%,0.00%,2.38%,2.38%,0.00%,4.76%,0.00%,0.00%,0.00%,0.00%,0.00%,0.00%,0.00%,0.00%,0.00%,0.00%,0.00%,0.00%,0.00%,0.00%,0.00%,0.00%,2.38%,0.00%,0.00%,0.00%,0.00%,0.00%,0.00%,0.00%,0.00%,0.00%,0.00%,0.00%,0.00%,0.00%,19.05%,0.00%,2.38%,0.00%,0.00%,0.00%,0.00%
A:maj7,0.00%,0.47%,8.06%,0.95%,1.42%,0.95%,0.47%,2.37%,0.00%,0.00%,0.00%,0.00%,0.00%,0.00%,3.32%,2.84%,0.00%,0.47%,1.90%,0.00%,16.59%,0.47%,0.00%,0.00%,0.00%,0.95%,6.16%,0.00%,0.00%,0.00%,0.00%,0.00%,0.95%,0.00%,0.00%,0.00%,0.47%,0.00%,0.47%,0.00%,0.00%,4.74%,1.42%,0.00%,0.00%,0.00%,0.00%,0.00%,0.00%,0.95%,0.00%,0.00%,0.00%,0.00%,0.00%,0.00%,0.00%,8.06%,0.00%,0.00%,0.00%,0.00%,0.00%,0.00%,0.00%,0.00%,9.48%,0.00%,0.00%,0.00%,0.00%,0.47%,0.00%,0.00%,0.00%,0.00%,0.00%,0.00%,0.00%,0.00%,0.00%,0.00%,0.00%,0.00%,2.84%,0.00%,0.00%,20.38%,0.47%,0.95%,0.95%,0.00%,0.00%,0.00%,0.00%,0.00%,0.00%,0.00%,0.00%,0.00%,0.00%,0.00%,0.00%,0.00%,0.00%,0.00%,0.00%,0.00%,0.00%
A:min,0.15%,0.00%,1.15%,0.00%,0.02%,14.00%,1.82%,1.72%,0.90%,0.00%,0.02%,0.10%,0.00%,0.00%,0.05%,0.20%,0.00%,0.00%,0.10%,0.27%,1.92%,0.00%,0.00%,1.59%,0.15%,0.05%,0.22%,0.02%,0.00%,4.61%,0.00%,0.12%,0.05%,0.00%,0.05%,0.00%,0.00%,0.02%,0.02%,0.00%,0.00%,0.00%,0.02%,0.00%,0.00%,0.10%,0.00%,0.00%,5.86%,0.02%,0.75%,0.17%,0.00%,0.10%,0.05%,1.10%,0.00%,13.06%,0.00%,0.00%,15.33%,0.67%,1.40%,1.00%,0.02%,0.00%,1.47%,0.00%,0.00%,7.72%,0.60%,0.05%,0.20%,0.00%,0.00%,0.05%,0.00%,0.00%,0.00%,0.00%,0.00%,0.00%,0.00%,0.10%,0.02%,0.00%,0.00%,0.00%,0.15%,0.00%,0.00%,0.02%,0.02%,7.72%,0.00%,0.47%,0.20%,0.00%,0.07%,0.00%,0.00%,0.00%,9.17%,0.32%,0.00%,2.32%,0.07%,0.07%,0.15%
A:min7,0.53%,0.00%,0.53%,0.18%,0.00%,15.86%,3.74%,1.96%,1.96%,0.00%,0.00%,0.00%,0.00%,0.00%,0.00%,0.00%,0.00%,0.00%,0.18%,0.00%,0.53%,0.00%,0.00%,0.53%,2.14%,0.00%,0.18%,0.00%,0.00%,2.14%,0.18%,1.96%,0.00%,0.00%,0.18%,0.00%,0.00%,0.00%,1.07%,0.00%,0.00%,0.00%,0.00%,0.00%,0.00%,0.00%,0.00%,0.00%,3.74%,0.00%,1.43%,0.18%,0.00%,1.25%,0.36%,1.43%,0.00%,10.34%,0.00%,0.00%,8.38%,3.21%,1.78%,2.85%,0.00%,0.00%,0.18%,0.00%,0.00%,6.60%,2.14%,0.00%,0.18%,0.00%,0.00%,0.36%,0.00%,0.00%,0.00%,0.00%,0.00%,0.00%,0.00%,0.36%,0.00%,0.00%,0.00%,0.00%,0.00%,0.00%,0.00%,0.00%,0.00%,7.13%,0.00%,0.36%,0.00%,0.00%,1.43%,0.36%,0.00%,0.00%,6.06%,1.43%,0.53%,3.21%,0.36%,0.18%,0.36%
A:sus2,0.00%,0.00%,20.75%,0.41%,3.32%,10.58%,2.07%,2.90%,1.04%,0.41%,0.21%,0.00%,0.00%,0.00%,0.62%,0.41%,0.00%,0.00%,0.62%,0.21%,1.66%,0.00%,0.00%,2.49%,2.07%,2.07%,1.45%,0.00%,0.41%,0.00%,0.00%,0.00%,0.00%,0.00%,0.00%,0.00%,0.21%,0.21%,1.45%,0.00%,0.21%,0.83%,2.90%,0.21%,0.21%,0.00%,0.00%,0.00%,5.60%,0.41%,6.22%,0.83%,0.00%,0.62%,0.21%,0.21%,0.00%,6.22%,0.00%,0.41%,2.28%,0.21%,0.62%,0.41%,0.00%,0.00%,4.56%,0.83%,0.00%,1.24%,0.21%,0.21%,0.83%,0.00%,0.00%,0.00%,0.00%,0.00%,0.21%,0.00%,0.00%,0.00%,0.00%,0.00%,0.00%,0.00%,0.00%,0.62%,0.83%,0.62%,0.41%,0.00%,0.00%,2.90%,0.00%,0.21%,0.00%,0.00%,0.00%,0.00%,0.00%,0.00%,1.66%,0.00%,0.00%,0.00%,0.00%,0.41%,0.00%
A:sus4,1.69%,0.00%,22.97%,0.00%,0.34%,13.85%,2.03%,2.03%,6.42%,0.00%,0.34%,0.00%,0.00%,0.00%,0.00%,0.00%,0.00%,0.00%,0.34%,0.00%,0.68%,0.00%,0.00%,1.69%,0.68%,0.00%,0.00%,0.00%,0.00%,0.00%,0.00%,0.00%,0.00%,0.00%,0.00%,0.00%,0.00%,0.00%,0.34%,0.00%,0.00%,0.00%,0.00%,0.00%,0.00%,0.00%,0.00%,0.00%,1.69%,0.00%,2.03%,0.00%,0.00%,0.00%,0.00%,0.00%,0.00%,12.50%,0.00%,0.34%,5.41%,2.70%,2.36%,1.35%,0.00%,0.00%,0.00%,0.00%,0.00%,1.01%,0.68%,0.00%,1.69%,0.00%,0.00%,0.00%,0.00%,0.00%,0.00%,0.00%,0.00%,0.00%,0.00%,0.00%,0.00%,0.00%,0.00%,2.70%,0.34%,0.00%,0.00%,0.00%,0.00%,2.03%,0.00%,0.68%,0.00%,0.00%,0.00%,0.00%,0.34%,0.00%,4.73%,0.68%,0.34%,1.69%,0.68%,0.00%,0.68%
Ab:7,0.00%,0.00%,0.62%,0.00%,0.00%,0.00%,0.00%,0.00%,0.00%,1.23%,0.00%,1.23%,0.00%,0.00%,1.23%,0.62%,1.85%,0.00%,0.00%,0.00%,3.70%,0.00%,0.00%,0.00%,0.00%,0.00%,0.00%,0.00%,0.00%,0.00%,0.00%,0.00%,4.94%,1.23%,0.00%,0.00%,1.23%,0.00%,14.81%,0.00%,1.23%,17.90%,0.00%,4.94%,0.62%,0.00%,0.00%,0.62%,0.00%,0.00%,0.00%,1.23%,0.00%,0.00%,0.00%,0.00%,0.00%,0.00%,0.00%,0.00%,0.00%,0.00%,0.00%,0.00%,0.00%,0.00%,1.23%,0.00%,0.62%,0.00%,0.00%,1.23%,0.00%,0.00%,0.00%,0.00%,0.00%,0.00%,2.47%,0.00%,0.00%,0.00%,0.00%,0.00%,5.56%,0.00%,1.23%,0.00%,0.00%,0.62%,0.00%,0.00%,0.00%,1.23%,0.00%,0.00%,4.32%,20.99%,0.00%,1.23%,0.00%,0.00%,0.00%,0.00%,0.00%,0.00%,0.00%,0.00%,0.00%
Ab:dim,0.00%,0.00%,10.42%,0.00%,0.00%,6.25%,4.17%,2.08%,0.00%,0.00%,2.08%,2.08%,0.00%,0.00%,0.00%,0.00%,0.00%,0.00%,0.00%,0.00%,0.00%,0.00%,0.00%,2.08%,0.00%,0.00%,0.00%,0.00%,0.00%,0.00%,0.00%,0.00%,0.00%,0.00%,0.00%,0.00%,0.00%,0.00%,14.58%,0.00%,0.00%,0.00%,0.00%,0.00%,4.17%,0.00%,0.00%,0.00%,0.00%,0.00%,0.00%,4.17%,0.00%,2.08%,0.00%,0.00%,0.00%,2.08%,0.00%,0.00%,0.00%,0.00%,0.00%,0.00%,2.08%,0.00%,6.25%,0.00%,0.00%,2.08%,0.00%,0.00%,0.00%,0.00%,0.00%,8.33%,0.00%,2.08%,0.00%,2.08%,0.00%,0.00%,0.00%,0.00%,0.00%,0.00%,0.00%,0.00%,0.00%,0.00%,0.00%,0.00%,0.00%,0.00%,0.00%,0.00%,0.00%,0.00%,0.00%,0.00%,0.00%,0.00%,16.67%,0.00%,0.00%,4.17%,0.00%,0.00%,0.00%
Ab:maj,0.00%,0.21%,0.38%,0.00%,0.04%,0.04%,0.00%,0.00%,0.00%,0.30%,0.04%,12.18%,0.15%,0.77%,0.75%,0.04%,0.98%,1.11%,0.00%,0.00%,0.62%,0.00%,0.00%,0.02%,0.02%,0.00%,0.00%,0.36%,0.00%,11.82%,0.04%,0.00%,8.70%,1.20%,0.71%,1.15%,0.06%,0.00%,13.46%,0.09%,0.56%,3.40%,0.24%,1.50%,0.41%,0.11%,0.13%,0.11%,0.98%,0.00%,0.00%,4.23%,0.98%,0.00%,0.00%,0.02%,0.04%,0.06%,0.00%,0.00%,0.04%,0.00%,0.00%,0.00%,0.00%,0.00%,0.45%,0.00%,0.11%,0.00%,0.00%,0.00%,0.00%,0.13%,0.00%,8.89%,0.04%,0.13%,1.86%,0.13%,0.58%,0.56%,0.02%,0.00%,3.65%,0.30%,0.32%,0.41%,0.00%,0.15%,0.04%,0.09%,0.00%,0.77%,0.00%,0.00%,6.11%,0.85%,0.06%,0.13%,0.00%,0.04%,2.07%,0.00%,0.00%,3.61%,0.21%,0.00%,0.24%
Ab:maj6,0.00%,0.00%,0.00%,0.00%,0.00%,0.00%,0.00%,0.00%,0.00%,1.41%,0.00%,12.68%,0.00%,2.82%,1.41%,0.00%,4.23%,0.00%,0.00%,0.00%,0.00%,0.00%,0.00%,0.00%,0.00%,0.00%,0.00%,2.82%,0.00%,7.04%,0.00%,0.00%,2.82%,1.41%,0.00%,0.00%,0.00%,0.00%,7.04%,0.00%,0.00%,0.00%,0.00%,2.82%,0.00%,0.00%,0.00%,0.00%,0.00%,0.00%,0.00%,1.41%,0.00%,0.00%,0.00%,0.00%,0.00%,0.00%,0.00%,0.00%,0.00%,0.00%,0.00%,0.00%,0.00%,0.00%,0.00%,0.00%,0.00%,0.00%,0.00%,0.00%,0.00%,0.00%,0.00%,1.41%,0.00%,0.00%,0.00%,0.00%,0.00%,0.00%,0.00%,0.00%,28.17%,5.63%,1.41%,0.00%,0.00%,7.04%,0.00%,0.00%,0.00%,0.00%,0.00%,0.00%,5.63%,1.41%,0.00%,0.00%,0.00%,0.00%,0.00%,0.00%,0.00%,1.41%,0.00%,0.00%,0.00%
Ab:maj7,0.00%,0.00%,0.37%,0.00%,0.00%,1.10%,0.00%,1.83%,0.00%,0.37%,0.00%,7.69%,1.10%,5.13%,0.00%,0.37%,2.56%,0.00%,0.00%,0.00%,0.00%,0.00%,0.00%,0.00%,0.00%,0.00%,0.00%,1.83%,0.00%,10.26%,6.59%,0.00%,1.83%,2.56%,1.10%,0.00%,0.00%,0.00%,10.62%,0.00%,0.37%,0.00%,0.00%,0.73%,0.00%,0.00%,0.00%,0.00%,0.73%,0.00%,0.00%,5.49%,1.83%,1.47%,0.00%,0.00%,0.00%,0.00%,0.00%,0.00%,0.00%,0.00%,0.00%,0.00%,0.00%,0.00%,0.00%,0.00%,0.00%,0.00%,0.00%,0.00%,0.00%,0.37%,0.00%,4.40%,0.00%,0.37%,0.00%,0.00%,2.20%,0.73%,0.00%,0.00%,0.00%,0.00%,0.00%,0.00%,0.00%,0.00%,0.00%,0.00%,0.00%,1.10%,0.00%,0.00%,12.09%,1.10%,0.00%,0.00%,0.00%,0.00%,1.47%,0.00%,0.37%,7.33%,1.47%,0.00%,1.10%
Ab:min,0.00%,0.00%,4.54%,0.00%,0.55%,0.07%,0.00%,0.26%,0.00%,0.29%,0.00%,1.79%,0.00%,0.00%,12.44%,1.43%,1.76%,1.46%,0.07%,0.00%,4.28%,0.18%,1.02%,0.18%,0.00%,0.26%,0.07%,0.11%,0.22%,0.80%,0.00%,0.00%,1.79%,0.40%,0.00%,0.15%,0.26%,0.00%,9.00%,0.00%,0.07%,20.19%,0.48%,1.13%,0.44%,0.00%,0.00%,0.04%,0.07%,0.00%,0.00%,0.11%,0.00%,0.00%,0.00%,0.00%,0.00%,0.15%,0.00%,0.00%,0.07%,0.00%,0.00%,0.00%,0.00%,0.00%,10.24%,0.00%,0.77%,0.18%,0.00%,0.07%,0.00%,0.04%,0.00%,1.17%,0.00%,0.00%,6.29%,0.48%,0.00%,1.06%,0.26%,0.00%,7.61%,0.29%,0.11%,3.88%,0.11%,0.66%,0.04%,0.00%,0.15%,0.00%,0.00%,0.00%,0.00%,0.00%,0.00%,0.00%,0.00%,0.04%,0.07%,0.00%,0.04%,0.33%,0.00%,0.00%,0.00%
Ab:min7,0.00%,0.00%,4.26%,0.00%,0.00%,0.25%,0.00%,0.50%,0.00%,0.75%,0.00%,1.25%,0.00%,0.00%,7.77%,4.26%,1.50%,1.25%,0.00%,0.00%,8.02%,0.50%,4.01%,0.00%,0.00%,1.50%,0.25%,0.00%,0.00%,0.00%,0.00%,0.00%,1.25%,2.51%,0.00%,0.00%,3.76%,0.00%,7.02%,0.00%,0.00%,7.02%,3.26%,0.50%,4.26%,0.00%,0.00%,0.00%,0.25%,0.00%,0.00%,0.00%,0.00%,0.00%,0.00%,0.00%,0.00%,0.00%,0.00%,0.00%,0.00%,0.00%,0.00%,0.00%,0.00%,0.00%,4.76%,0.00%,2.01%,0.00%,0.00%,0.75%,2.26%,0.00%,0.00%,1.00%,0.00%,0.00%,3.01%,1.50%,0.00%,0.50%,0.00%,0.00%,6.27%,1.50%,0.00%,6.77%,0.25%,0.25%,0.75%,0.00%,1.25%,1.00%,0.00%,0.00%,0.00%,0.00%,0.00%,0.00%,0.00%,0.00%,0.25%,0.00%,0.00%,0.00%,0.00%,0.00%,0.00%
Ab:sus2,0.00%,0.00%,0.00%,0.00%,0.00%,0.00%,0.00%,0.00%,0.00%,1.08%,0.00%,20.00%,0.00%,0.27%,13.51%,1.89%,4.05%,4.32%,0.00%,0.00%,4.59%,0.27%,2.16%,0.00%,0.00%,0.27%,0.00%,0.00%,0.00%,2.43%,0.00%,0.00%,3.24%,1.08%,1.08%,0.81%,0.00%,0.00%,3.78%,0.27%,1.62%,0.27%,0.27%,0.00%,0.00%,0.00%,0.00%,0.00%,1.62%,0.00%,0.00%,3.78%,4.05%,0.00%,0.00%,0.00%,0.00%,0.00%,0.00%,0.00%,0.00%,0.00%,0.00%,0.00%,0.00%,0.00%,3.51%,0.00%,0.27%,0.00%,0.00%,0.00%,0.00%,0.00%,0.00%,6.22%,0.27%,1.89%,1.08%,0.27%,0.27%,1.35%,0.00%,0.00%,1.62%,0.27%,0.00%,0.54%,0.00%,1.08%,0.00%,0.00%,0.00%,0.27%,0.00%,0.00%,2.43%,0.00%,0.00%,0.27%,0.00%,0.27%,0.27%,0.00%,0.00%,0.54%,0.54%,0.00%,0.00%
Ab:sus4,0.00%,0.00%,1.20%,0.00%,0.00%,0.00%,0.00%,0.00%,0.00%,0.60%,0.00%,20.06%,0.00%,0.00%,9.28%,0.30%,1.50%,4.49%,0.00%,0.00%,2.10%,0.00%,0.30%,0.00%,0.00%,0.00%,0.00%,0.00%,0.00%,0.30%,0.00%,0.00%,1.50%,1.20%,0.30%,0.30%,0.90%,0.00%,27.54%,0.00%,1.50%,5.99%,0.90%,0.90%,2.69%,0.00%,0.00%,0.00%,0.90%,0.00%,0.00%,0.00%,0.30%,0.00%,0.00%,0.00%,0.00%,0.60%,0.00%,0.00%,0.00%,0.00%,0.00%,0.00%,0.00%,0.00%,0.60%,0.00%,0.90%,0.00%,0.00%,0.00%,0.00%,0.00%,0.00%,0.30%,0.00%,0.00%,0.90%,0.00%,0.00%,0.90%,0.60%,0.00%,3.89%,0.60%,0.30%,1.20%,0.30%,0.30%,0.00%,0.00%,0.00%,1.20%,0.00%,0.00%,1.80%,0.30%,0.00%,0.30%,0.00%,0.00%,0.00%,0.00%,0.00%,0.00%,0.00%,0.00%,0.00%
B:7,1.00%,0.00%,2.00%,2.00%,2.00%,1.00%,0.00%,5.00%,0.00%,0.00%,0.00%,0.00%,0.00%,0.00%,2.00%,2.00%,0.00%,3.00%,3.00%,0.00%,5.00%,0.00%,0.00%,5.00%,0.00%,0.00%,0.00%,0.00%,0.00%,0.00%,0.00%,0.00%,0.00%,0.00%,0.00%,0.00%,0.00%,0.00%,1.00%,0.00%,0.00%,4.00%,0.00%,0.00%,1.00%,0.00%,0.00%,0.00%,2.00%,0.00%,0.00%,0.00%,0.00%,0.00%,0.00%,2.00%,0.00%,1.00%,0.00%,0.00%,2.00%,0.00%,2.00%,0.00%,0.00%,0.00%,18.00%,0.00%,1.00%,12.00%,5.00%,2.00%,2.00%,0.00%,0.00%,0.00%,0.00%,0.00%,0.00%,0.00%,0.00%,0.00%,0.00%,0.00%,2.00%,0.00%,0.00%,0.00%,0.00%,2.00%,0.00%,0.00%,0.00%,0.00%,0.00%,0.00%,0.00%,0.00%,0.00%,0.00%,0.00%,0.00%,4.00%,0.00%,4.00%,0.00%,0.00%,0.00%,0.00%
B:dim,0.00%,0.00%,6.06%,0.00%,0.00%,7.07%,0.00%,0.00%,0.00%,0.00%,0.00%,0.00%,0.00%,0.00%,0.00%,0.00%,0.00%,0.00%,0.00%,1.01%,0.00%,0.00%,0.00%,0.00%,2.02%,0.00%,0.00%,0.00%,0.00%,22.22%,0.00%,3.03%,0.00%,0.00%,0.00%,0.00%,0.00%,0.00%,0.00%,0.00%,0.00%,0.00%,0.00%,0.00%,0.00%,0.00%,0.00%,0.00%,12.12%,0.00%,1.01%,0.00%,0.00%,0.00%,0.00%,0.00%,0.00%,1.01%,0.00%,0.00%,2.02%,1.01%,0.00%,0.00%,1.01%,0.00%,19.19%,0.00%,0.00%,0.00%,0.00%,0.00%,1.01%,0.00%,0.00%,1.01%,0.00%,0.00%,0.00%,0.00%,0.00%,0.00%,0.00%,0.00%,1.01%,0.00%,0.00%,0.00%,0.00%,0.00%,0.00%,0.00%,0.00%,0.00%,0.00%,0.00%,0.00%,0.00%,0.00%,0.00%,0.00%,0.00%,5.05%,0.00%,0.00%,7.07%,6.06%,0.00%,0.00%
B:maj,0.02%,0.00%,5.54%,0.00%,0.14%,0.78%,0.00%,0.02%,0.05%,0.07%,0.00%,1.17%,0.00%,0.00%,6.48%,0.66%,0.05%,0.11%,0.37%,0.00%,12.23%,0.23%,1.21%,0.80%,0.05%,1.97%,0.44%,0.18%,0.11%,0.55%,0.00%,0.02%,2.70%,0.85%,0.00%,0.09%,0.25%,0.00%,7.81%,0.14%,0.00%,10.29%,1.37%,0.57%,0.55%,0.00%,0.05%,0.21%,1.33%,0.00%,0.09%,0.07%,0.00%,0.02%,0.00%,0.00%,0.02%,0.85%,0.00%,0.00%,0.05%,0.00%,0.02%,0.02%,0.00%,0.00%,16.88%,0.02%,0.82%,5.11%,0.18%,1.21%,0.37%,0.23%,0.00%,0.78%,0.00%,0.02%,3.25%,0.53%,0.07%,0.09%,0.02%,0.00%,7.35%,0.02%,0.64%,0.60%,0.00%,0.11%,0.34%,0.00%,0.02%,0.02%,0.00%,0.00%,0.11%,0.00%,0.00%,0.05%,0.00%,0.00%,0.48%,0.00%,0.02%,0.00%,0.00%,0.00%,0.00%
B:maj6,0.00%,0.00%,12.24%,0.00%,4.08%,0.00%,0.00%,0.00%,0.00%,0.00%,0.00%,0.00%,0.00%,0.00%,0.00%,4.08%,0.00%,0.00%,0.00%,0.00%,30.61%,2.04%,2.04%,2.04%,0.00%,2.04%,4.08%,0.00%,0.00%,0.00%,0.00%,0.00%,0.00%,2.04%,0.00%,0.00%,0.00%,0.00%,6.12%,0.00%,2.04%,8.16%,0.00%,0.00%,0.00%,0.00%,0.00%,0.00%,0.00%,0.00%,0.00%,0.00%,0.00%,0.00%,0.00%,0.00%,0.00%,2.04%,0.00%,0.00%,0.00%,0.00%,0.00%,0.00%,0.00%,0.00%,6.12%,0.00%,0.00%,0.00%,0.00%,0.00%,0.00%,0.00%,0.00%,0.00%,0.00%,0.00%,0.00%,0.00%,0.00%,0.00%,0.00%,0.00%,8.16%,0.00%,0.00%,2.04%,0.00%,0.00%,0.00%,0.00%,0.00%,0.00%,0.00%,0.00%,0.00%,0.00%,0.00%,0.00%,0.00%,0.00%,0.00%,0.00%,0.00%,0.00%,0.00%,0.00%,0.00%
B:maj7,0.00%,0.00%,0.69%,0.00%,0.00%,0.00%,0.00%,0.00%,0.00%,0.00%,0.00%,1.04%,0.00%,0.00%,25.26%,2.08%,3.11%,0.69%,0.00%,0.00%,6.23%,0.00%,7.61%,0.69%,0.00%,2.08%,0.00%,0.00%,0.00%,0.35%,0.00%,0.00%,3.11%,2.77%,0.00%,1.04%,1.04%,0.00%,7.61%,0.00%,0.00%,1.38%,0.00%,0.69%,3.81%,0.00%,0.00%,0.00%,0.35%,0.00%,0.00%,0.00%,0.00%,0.35%,0.00%,0.00%,0.00%,0.00%,0.35%,0.00%,0.00%,0.00%,0.00%,0.00%,0.00%,0.00%,10.38%,0.00%,0.69%,0.00%,0.00%,0.35%,0.00%,0.00%,0.00%,3.11%,0.00%,0.00%,0.69%,0.69%,0.00%,0.35%,0.00%,0.00%,6.92%,1.73%,0.69%,0.00%,0.00%,1.73%,0.35%,0.00%,0.00%,0.00%,0.00%,0.00%,0.00%,0.00%,0.00%,0.00%,0.00%,0.00%,0.00%,0.00%,0.00%,0.00%,0.00%,0.00%,0.00%
B:min,0.06%,0.00%,7.89%,0.06%,0.03%,3.79%,0.34%,0.15%,0.28%,0.00%,0.18%,0.00%,0.00%,0.00%,0.12%,0.06%,0.00%,0.00%,0.22%,0.00%,0.77%,0.00%,0.00%,13.00%,1.23%,1.14%,1.39%,0.00%,0.09%,0.03%,0.00%,0.00%,0.09%,0.00%,0.00%,0.00%,0.06%,0.03%,1.57%,0.00%,0.00%,2.59%,0.15%,0.03%,0.28%,0.00%,0.00%,0.00%,6.10%,0.03%,0.18%,0.03%,0.00%,0.28%,0.00%,0.18%,0.00%,3.94%,0.00%,0.46%,0.00%,0.09%,0.46%,0.28%,0.12%,0.00%,9.95%,0.00%,0.00%,16.36%,1.08%,0.43%,0.77%,0.00%,0.00%,0.12%,0.00%,0.00%,0.03%,0.00%,0.00%,0.00%,0.03%,0.00%,1.20%,0.00%,0.06%,7.95%,0.31%,0.06%,0.43%,0.00%,0.00%,0.37%,0.00%,0.00%,0.00%,0.00%,0.00%,0.00%,0.12%,0.00%,11.89%,0.00%,0.74%,0.15%,0.00%,0.12%,0.00%
B:min7,0.00%,0.00%,6.18%,0.77%,0.00%,3.09%,4.25%,0.39%,0.58%,0.00%,0.19%,0.00%,0.00%,0.00%,0.00%,0.00%,0.00%,0.00%,0.00%,0.39%,0.19%,0.00%,0.00%,7.53%,6.18%,0.00%,0.58%,0.00%,0.00%,0.19%,0.00%,0.00%,0.00%,0.00%,0.00%,0.00%,0.00%,0.19%,0.19%,0.00%,0.00%,0.00%,1.35%,0.00%,0.58%,0.00%,0.00%,0.00%,7.34%,0.39%,0.19%,0.00%,0.00%,0.77%,0.00%,1.35%,0.00%,4.63%,0.00%,0.77%,0.00%,0.58%,0.39%,0.19%,0.00%,0.00%,12.55%,0.00%,0.00%,11.39%,5.02%,0.00%,2.51%,0.00%,0.00%,0.00%,0.00%,0.00%,0.00%,0.00%,0.00%,0.00%,0.00%,0.00%,0.39%,0.00%,0.00%,1.93%,2.70%,0.00%,0.19%,0.00%,0.00%,0.58%,0.00%,0.77%,0.00%,0.00%,0.19%,0.00%,0.00%,0.00%,10.81%,0.00%,0.97%,0.00%,0.00%,0.58%,0.00%
B:sus2,0.00%,0.00%,2.43%,0.22%,0.00%,0.00%,0.00%,0.22%,0.00%,0.00%,0.00%,0.66%,0.00%,0.00%,5.30%,0.88%,0.00%,0.00%,1.10%,0.00%,24.50%,0.22%,3.31%,9.93%,0.66%,4.64%,2.43%,0.00%,0.00%,0.00%,0.00%,0.00%,0.44%,0.88%,0.00%,0.00%,1.10%,0.00%,2.87%,0.00%,0.00%,3.31%,0.44%,1.55%,1.99%,0.00%,0.00%,0.00%,0.00%,0.00%,0.00%,0.00%,0.00%,0.00%,0.00%,0.22%,0.00%,3.31%,0.00%,3.53%,0.66%,0.00%,0.00%,0.00%,0.00%,0.00%,5.52%,0.00%,0.66%,1.55%,0.44%,1.77%,0.44%,0.66%,0.00%,0.00%,0.00%,0.00%,1.55%,1.32%,0.00%,0.00%,0.00%,0.00%,3.53%,0.00%,0.44%,1.32%,0.00%,0.44%,2.21%,0.00%,0.00%,0.22%,0.00%,0.00%,0.00%,0.00%,0.00%,0.00%,0.00%,0.00%,0.66%,0.00%,0.22%,0.00%,0.00%,0.22%,0.00%
B:sus4,0.00%,0.00%,0.87%,0.43%,0.87%,1.74%,1.74%,0.43%,0.00%,0.00%,0.00%,0.87%,0.00%,0.00%,0.43%,0.87%,0.00%,0.00%,0.87%,0.00%,24.35%,0.00%,0.00%,11.30%,0.87%,2.17%,2.61%,0.00%,0.00%,0.00%,0.00%,0.43%,0.00%,0.00%,0.00%,0.00%,0.00%,0.00%,0.00%,0.00%,0.00%,0.00%,0.87%,0.00%,0.43%,0.00%,0.00%,0.00%,0.87%,0.00%,0.43%,0.00%,0.00%,0.00%,0.00%,0.43%,0.00%,1.74%,0.00%,1.74%,0.00%,0.00%,0.00%,0.00%,0.00%,0.00%,23.48%,0.00%,1.30%,4.78%,1.74%,1.74%,0.00%,0.00%,0.00%,0.00%,0.00%,0.00%,0.00%,0.00%,0.00%,0.00%,0.00%,0.00%,0.87%,0.00%,0.00%,0.43%,0.43%,0.00%,0.43%,0.00%,0.00%,0.00%,0.00%,0.00%,0.00%,0.00%,0.00%,0.00%,0.00%,0.00%,5.22%,0.00%,0.43%,0.00%,0.00%,1.74%,0.00%
Bb:7,0.00%,0.00%,0.00%,0.00%,0.00%,0.00%,0.00%,0.00%,0.00%,0.00%,0.00%,2.78%,0.00%,0.00%,1.85%,0.00%,0.00%,0.00%,0.93%,0.00%,0.93%,0.00%,0.00%,0.00%,0.00%,0.00%,0.00%,0.00%,0.00%,6.48%,0.00%,0.00%,3.70%,0.00%,0.93%,4.63%,0.00%,0.00%,0.93%,0.00%,0.00%,0.00%,0.00%,0.00%,0.00%,0.00%,0.00%,0.00%,0.00%,0.00%,0.00%,1.85%,0.93%,0.00%,0.00%,0.00%,0.00%,0.00%,0.00%,0.00%,0.00%,0.00%,0.00%,0.00%,0.00%,1.85%,0.00%,0.00%,0.00%,0.00%,0.00%,0.00%,0.00%,0.00%,0.00%,34.26%,0.00%,2.78%,8.33%,4.63%,2.78%,0.93%,0.00%,0.00%,1.85%,0.00%,1.85%,0.00%,0.00%,0.00%,0.00%,0.00%,0.00%,2.78%,0.00%,0.00%,0.93%,0.93%,0.00%,0.00%,0.00%,1.85%,0.93%,0.00%,0.00%,5.56%,1.85%,0.00%,0.00%
Bb:dim,0.00%,0.00%,8.47%,0.00%,0.00%,0.00%,5.08%,0.00%,0.00%,0.00%,0.00%,1.69%,0.00%,0.00%,3.39%,0.00%,0.00%,0.00%,0.00%,0.00%,5.08%,0.00%,0.00%,5.08%,0.00%,0.00%,0.00%,0.00%,1.69%,1.69%,0.00%,6.78%,0.00%,0.00%,0.00%,0.00%,0.00%,0.00%,0.00%,0.00%,0.00%,0.00%,0.00%,0.00%,0.00%,0.00%,0.00%,0.00%,0.00%,0.00%,0.00%,0.00%,0.00%,0.00%,0.00%,0.00%,0.00%,0.00%,0.00%,0.00%,1.69%,0.00%,0.00%,0.00%,0.00%,0.00%,1.69%,0.00%,0.00%,0.00%,0.00%,0.00%,0.00%,6.78%,0.00%,30.51%,0.00%,0.00%,0.00%,0.00%,0.00%,0.00%,1.69%,0.00%,3.39%,0.00%,0.00%,3.39%,5.08%,0.00%,1.69%,0.00%,0.00%,0.00%,0.00%,0.00%,0.00%,0.00%,0.00%,0.00%,0.00%,0.00%,3.39%,0.00%,0.00%,1.69%,0.00%,0.00%,0.00%
Bb:maj,0.10%,0.12%,1.23%,0.00%,0.00%,2.23%,0.40%,0.00%,0.19%,0.00%,0.00%,5.20%,0.10%,0.10%,0.10%,0.00%,0.12%,0.00%,0.00%,0.08%,0.25%,0.00%,0.00%,0.00%,0.00%,0.00%,0.00%,0.54%,0.00%,10.47%,0.19%,0.81%,1.14%,0.04%,2.04%,1.19%,0.00%,0.00%,0.56%,0.00%,0.00%,0.00%,0.00%,0.00%,0.00%,0.17%,0.00%,0.00%,11.61%,0.00%,0.00%,9.93%,0.52%,1.10%,0.96%,0.31%,0.04%,0.81%,0.00%,0.00%,3.00%,0.52%,0.17%,0.12%,0.00%,0.02%,0.04%,0.00%,0.02%,0.06%,0.00%,0.00%,0.00%,0.06%,0.00%,15.77%,0.06%,0.58%,2.21%,0.19%,1.98%,0.17%,0.00%,0.02%,0.35%,0.00%,0.04%,0.00%,0.00%,0.00%,0.00%,0.02%,0.00%,7.64%,0.10%,0.06%,1.04%,0.02%,0.08%,0.35%,0.00%,0.00%,1.21%,0.00%,0.00%,9.63%,1.39%,0.21%,0.19%
Bb:maj6,0.00%,0.00%,0.00%,0.00%,0.00%,0.00%,0.00%,0.00%,0.00%,0.00%,0.00%,11.63%,0.00%,3.49%,0.00%,0.00%,1.16%,0.00%,0.00%,0.00%,0.00%,0.00%,0.00%,0.00%,0.00%,0.00%,0.00%,0.00%,0.00%,13.95%,0.00%,1.16%,0.00%,0.00%,5.81%,3.49%,0.00%,0.00%,0.00%,0.00%,0.00%,0.00%,0.00%,0.00%,0.00%,1.16%,0.00%,0.00%,4.65%,0.00%,0.00%,6.98%,0.00%,0.00%,0.00%,0.00%,0.00%,2.33%,0.00%,0.00%,1.16%,0.00%,0.00%,0.00%,0.00%,0.00%,0.00%,0.00%,0.00%,0.00%,0.00%,0.00%,0.00%,0.00%,0.00%,4.65%,0.00%,3.49%,0.00%,0.00%,1.16%,0.00%,0.00%,0.00%,0.00%,0.00%,0.00%,0.00%,0.00%,0.00%,0.00%,0.00%,0.00%,5.81%,0.00%,0.00%,0.00%,0.00%,0.00%,0.00%,0.00%,0.00%,0.00%,0.00%,0.00%,25.58%,2.33%,0.00%,0.00%
Bb:maj7,0.62%,0.00%,1.25%,0.00%,0.00%,2.80%,2.80%,0.00%,0.00%,0.00%,0.00%,0.31%,0.00%,0.00%,0.00%,0.00%,0.00%,0.00%,0.00%,0.00%,0.93%,0.00%,0.00%,0.62%,0.00%,0.00%,0.00%,0.00%,1.25%,11.84%,1.25%,4.05%,0.00%,0.00%,4.67%,0.00%,0.00%,0.00%,0.00%,0.00%,0.00%,0.00%,0.00%,0.00%,0.00%,1.25%,0.00%,0.00%,6.85%,0.93%,0.00%,2.18%,0.31%,1.25%,2.49%,0.00%,0.00%,0.62%,0.00%,0.00%,2.49%,0.93%,3.74%,0.00%,0.00%,0.00%,0.31%,0.00%,0.00%,0.31%,0.00%,0.00%,0.00%,0.00%,0.00%,9.66%,0.00%,1.25%,0.00%,0.00%,0.00%,0.00%,0.00%,0.00%,0.00%,0.00%,0.00%,0.00%,0.00%,0.00%,0.00%,0.31%,0.00%,4.36%,0.00%,0.93%,0.00%,0.00%,0.93%,1.56%,0.62%,0.00%,2.80%,0.00%,0.31%,16.51%,2.49%,2.18%,0.00%
Bb:min,0.00%,0.04%,0.07%,0.00%,0.00%,0.33%,0.00%,0.04%,0.00%,0.18%,0.00%,7.39%,0.66%,0.00%,1.44%,0.41%,0.26%,0.15%,0.00%,0.00%,3.51%,0.00%,0.37%,0.04%,0.00%,0.00%,0.00%,0.18%,0.00%,2.14%,0.00%,0.07%,13.37%,1.55%,1.96%,1.48%,0.26%,0.00%,4.06%,0.11%,0.55%,0.07%,0.00%,0.15%,0.00%,0.11%,0.00%,0.26%,1.99%,0.00%,0.00%,2.73%,0.41%,0.00%,0.30%,0.07%,0.18%,0.00%,0.00%,0.00%,0.04%,0.00%,0.00%,0.00%,0.00%,0.00%,0.07%,0.00%,0.00%,0.00%,0.00%,0.00%,0.00%,0.22%,0.00%,12.08%,0.00%,0.00%,15.18%,0.78%,1.11%,1.48%,0.15%,0.00%,9.23%,0.04%,1.00%,0.00%,0.00%,0.48%,0.00%,0.00%,0.00%,1.22%,0.00%,0.00%,9.38%,0.33%,0.00%,0.15%,0.00%,0.11%,0.00%,0.00%,0.00%,0.00%,0.07%,0.00%,0.00%
Bb:min7,0.00%,0.21%,0.00%,0.00%,0.00%,0.00%,0.00%,0.00%,0.00%,0.00%,0.00%,4.49%,0.43%,0.21%,3.21%,3.21%,0.21%,0.64%,0.00%,0.00%,4.49%,0.43%,0.21%,0.00%,0.00%,0.00%,0.00%,0.00%,0.00%,0.85%,0.00%,0.00%,8.97%,3.42%,1.07%,0.64%,0.21%,0.00%,7.26%,0.43%,2.99%,0.00%,0.43%,0.21%,0.21%,0.00%,0.00%,0.00%,3.85%,0.00%,0.00%,0.85%,0.00%,0.00%,0.00%,0.00%,0.00%,0.21%,0.00%,0.00%,0.00%,0.00%,0.00%,0.00%,0.00%,0.00%,0.21%,0.00%,0.21%,0.00%,0.00%,0.21%,0.00%,0.85%,0.00%,5.34%,0.43%,0.00%,9.19%,7.05%,1.28%,3.21%,0.43%,0.00%,8.97%,0.64%,2.14%,0.00%,0.00%,1.28%,0.64%,0.00%,0.00%,0.21%,0.00%,0.00%,4.27%,4.06%,0.00%,0.00%,0.00%,0.00%,0.00%,0.00%,0.00%,0.00%,0.00%,0.00%,0.00%
Bb:sus2,0.00%,0.00%,0.00%,0.00%,0.00%,1.01%,0.76%,0.00%,0.00%,0.00%,0.00%,3.78%,0.50%,0.00%,0.00%,0.00%,0.50%,0.00%,0.00%,0.00%,0.25%,0.00%,0.00%,0.00%,0.00%,0.00%,0.00%,0.76%,0.00%,16.88%,0.76%,2.02%,6.30%,2.02%,4.79%,2.52%,0.00%,0.00%,5.04%,0.00%,2.27%,0.00%,0.00%,2.27%,0.25%,0.50%,0.00%,0.00%,2.52%,0.00%,0.00%,5.04%,1.76%,1.01%,1.76%,0.00%,0.00%,0.50%,0.00%,0.00%,0.00%,5.54%,0.00%,0.50%,0.00%,0.00%,0.00%,0.00%,0.00%,0.00%,0.00%,0.00%,0.00%,0.00%,0.00%,5.04%,0.00%,1.01%,1.76%,0.25%,1.01%,1.01%,0.00%,0.00%,3.53%,0.00%,2.52%,0.00%,0.00%,0.00%,0.00%,0.25%,0.00%,2.77%,0.25%,0.00%,1.01%,1.26%,0.25%,0.76%,0.00%,0.00%,0.50%,0.00%,0.00%,3.53%,1.01%,0.25%,0.25%
Bb:sus4,0.00%,0.00%,0.00%,0.00%,0.00%,0.00%,0.00%,0.00%,0.00%,0.00%,0.00%,4.35%,3.68%,0.67%,1.67%,0.00%,0.67%,0.00%,0.00%,0.00%,0.33%,0.00%,0.33%,0.00%,0.00%,0.33%,0.00%,1.67%,0.00%,19.73%,0.00%,0.00%,6.02%,1.67%,2.01%,4.01%,0.00%,0.00%,1.67%,0.00%,0.00%,0.33%,0.00%,0.33%,0.00%,0.00%,0.00%,0.00%,4.35%,0.00%,0.00%,6.35%,0.67%,0.67%,0.00%,0.00%,0.00%,0.33%,0.00%,0.00%,0.33%,0.00%,0.00%,0.00%,0.00%,0.00%,0.00%,0.00%,0.00%,0.00%,0.00%,0.00%,0.00%,0.00%,0.00%,11.04%,0.00%,1.67%,10.70%,1.00%,1.34%,1.67%,0.00%,0.00%,3.68%,0.00%,1.00%,0.00%,0.00%,0.00%,0.00%,0.00%,0.00%,0.67%,0.00%,0.00%,2.34%,0.67%,0.33%,0.00%,0.00%,0.00%,0.00%,0.00%,0.00%,1.34%,0.00%,0.00%,0.33%
C#:7,0.00%,0.00%,1.46%,0.00%,3.65%,1.46%,0.00%,0.00%,0.00%,0.00%,0.00%,0.73%,0.00%,0.00%,0.73%,4.38%,0.00%,0.00%,0.00%,0.73%,3.65%,0.73%,1.46%,0.73%,0.00%,0.00%,0.00%,0.00%,0.73%,0.73%,0.00%,0.00%,2.92%,1.46%,0.00%,0.00%,5.84%,0.00%,6.57%,0.00%,0.00%,1.46%,0.00%,0.00%,2.92%,0.00%,0.00%,0.00%,0.00%,0.00%,0.00%,1.46%,0.00%,0.00%,0.00%,0.00%,0.00%,1.46%,0.00%,0.00%,0.00%,0.00%,0.00%,0.00%,0.00%,0.00%,1.46%,0.00%,0.00%,0.00%,0.00%,0.00%,0.00%,0.00%,0.00%,1.46%,0.00%,0.00%,0.73%,1.46%,0.00%,0.73%,0.00%,0.00%,32.12%,0.00%,1.46%,11.68%,2.92%,0.73%,0.00%,0.00%,0.00%,0.00%,0.00%,0.00%,0.00%,0.00%,0.00%,0.00%,0.00%,0.00%,0.00%,0.00%,0.00%,0.00%,0.00%,0.00%,0.00%
C#:dim,0.00%,0.00%,1.43%,0.00%,0.00%,15.71%,0.00%,0.00%,0.00%,0.00%,0.00%,0.00%,0.00%,0.00%,0.00%,0.00%,0.00%,0.00%,0.00%,0.00%,11.43%,0.00%,0.00%,1.43%,0.00%,0.00%,0.00%,0.00%,0.00%,0.00%,0.00%,0.00%,0.00%,0.00%,0.00%,0.00%,0.00%,1.43%,1.43%,0.00%,0.00%,0.00%,0.00%,2.86%,0.00%,0.00%,0.00%,0.00%,27.14%,0.00%,0.00%,0.00%,0.00%,2.86%,0.00%,0.00%,0.00%,5.71%,0.00%,0.00%,7.14%,0.00%,1.43%,0.00%,0.00%,0.00%,0.00%,0.00%,0.00%,5.71%,0.00%,0.00%,0.00%,0.00%,0.00%,4.29%,0.00%,0.00%,0.00%,2.86%,0.00%,0.00%,0.00%,1.43%,2.86%,0.00%,0.00%,0.00%,0.00%,0.00%,0.00%,0.00%,0.00%,0.00%,0.00%,0.00%,1.43%,0.00%,0.00%,0.00%,0.00%,0.00%,0.00%,0.00%,0.00%,0.00%,1.43%,0.00%,0.00%
C#:maj,0.00%,0.00%,0.52%,0.00%,0.09%,0.00%,0.00%,0.00%,0.07%,0.18%,0.00%,8.26%,0.16%,0.27%,1.78%,0.11%,0.16%,0.39%,0.00%,0.00%,4.52%,0.00%,0.21%,0.21%,0.00%,0.48%,0.02%,0.00%,0.00%,1.62%,0.00%,0.00%,7.46%,1.05%,0.16%,0.25%,0.39%,0.07%,12.84%,0.16%,0.91%,1.25%,0.14%,2.94%,1.07%,0.00%,0.32%,0.23%,1.39%,0.00%,0.05%,3.72%,0.50%,0.00%,0.48%,0.00%,0.23%,0.36%,0.00%,0.05%,0.16%,0.02%,0.00%,0.00%,0.00%,0.05%,0.25%,0.00%,0.02%,0.02%,0.00%,0.02%,0.00%,0.57%,0.00%,8.87%,0.00%,0.00%,7.37%,1.05%,0.41%,0.75%,0.05%,0.00%,14.09%,0.02%,0.73%,3.22%,0.05%,1.12%,0.30%,0.05%,0.09%,1.09%,0.00%,0.27%,2.83%,0.84%,0.09%,0.11%,0.00%,0.18%,0.18%,0.00%,0.00%,0.02%,0.00%,0.00%,0.05%
C#:maj6,0.00%,0.00%,0.00%,0.00%,0.00%,0.00%,0.00%,0.00%,0.00%,1.85%,0.00%,5.56%,0.00%,0.00%,0.00%,0.00%,0.00%,0.00%,0.00%,0.00%,14.81%,0.00%,11.11%,0.00%,0.00%,12.96%,0.00%,0.00%,0.00%,3.70%,0.00%,0.00%,1.85%,0.00%,0.00%,0.00%,0.00%,3.70%,24.07%,0.00%,0.00%,0.00%,0.00%,0.00%,0.00%,0.00%,0.00%,0.00%,0.00%,0.00%,0.00%,0.00%,0.00%,0.00%,0.00%,0.00%,0.00%,0.00%,0.00%,0.00%,0.00%,0.00%,0.00%,0.00%,0.00%,0.00%,0.00%,0.00%,0.00%,0.00%,0.00%,1.85%,0.00%,0.00%,0.00%,3.70%,0.00%,0.00%,7.41%,0.00%,1.85%,0.00%,0.00%,0.00%,5.56%,0.00%,0.00%,0.00%,0.00%,0.00%,0.00%,0.00%,0.00%,0.00%,0.00%,0.00%,0.00%,0.00%,0.00%,0.00%,0.00%,0.00%,0.00%,0.00%,0.00%,0.00%,0.00%,0.00%,0.00%
C#:maj7,0.00%,0.00%,0.00%,0.00%,0.00%,0.00%,0.00%,0.00%,0.00%,0.00%,0.00%,4.81%,0.00%,0.00%,0.00%,0.00%,1.92%,0.48%,0.00%,0.00%,0.00%,0.00%,0.00%,0.00%,0.00%,0.48%,0.00%,0.00%,0.00%,0.48%,0.00%,0.00%,19.23%,4.33%,0.00%,0.48%,0.00%,0.00%,10.58%,0.96%,3.37%,0.96%,0.00%,1.44%,0.48%,0.00%,0.00%,1.44%,0.48%,0.00%,0.00%,0.96%,0.96%,0.48%,0.48%,0.00%,0.00%,0.48%,0.00%,0.00%,0.00%,0.00%,0.00%,0.00%,0.00%,0.00%,0.48%,0.00%,0.00%,0.00%,0.00%,0.00%,0.00%,0.96%,0.00%,5.77%,0.48%,0.00%,1.92%,2.88%,0.48%,0.00%,0.00%,0.00%,16.35%,0.00%,5.29%,0.48%,0.00%,0.00%,0.00%,0.96%,0.00%,0.00%,0.00%,0.00%,4.33%,3.37%,0.00%,0.96%,0.00%,0.00%,0.00%,0.00%,0.00%,0.00%,0.00%,0.00%,0.00%
C#:min,0.10%,0.00%,10.27%,0.00%,0.88%,0.24%,0.00%,0.41%,0.00%,0.07%,0.00%,1.18%,0.03%,0.00%,6.65%,0.24%,0.27%,0.61%,0.03%,0.03%,7.53%,0.27%,0.00%,2.87%,0.44%,0.14%,0.03%,0.00%,0.07%,0.03%,0.00%,0.00%,0.07%,0.03%,0.00%,0.03%,0.17%,0.00%,1.65%,0.00%,0.03%,13.37%,0.54%,2.67%,0.78%,0.00%,0.14%,0.03%,0.27%,0.00%,0.03%,0.14%,0.07%,0.00%,0.00%,0.00%,0.00%,4.66%,0.00%,0.07%,0.24%,0.00%,0.51%,0.00%,0.03%,0.00%,4.12%,0.07%,0.17%,0.24%,0.00%,0.17%,0.07%,0.17%,0.00%,1.86%,0.00%,0.00%,4.26%,0.51%,0.00%,0.37%,0.64%,0.00%,10.91%,0.10%,0.00%,15.30%,0.51%,1.38%,1.01%,0.00%,0.00%,0.00%,0.00%,0.00%,0.10%,0.00%,0.00%,0.00%,0.00%,0.00%,0.10%,0.00%,0.03%,0.00%,0.00%,0.00%,0.00%
C#:min7,0.34%,0.00%,9.59%,1.03%,1.03%,0.00%,0.00%,1.71%,0.00%,0.34%,0.00%,0.00%,0.00%,0.00%,3.77%,2.74%,0.00%,0.00%,0.34%,0.00%,2.74%,0.68%,0.00%,4.11%,1.37%,0.68%,0.34%,0.00%,2.74%,0.00%,0.00%,0.00%,0.00%,0.00%,0.00%,0.00%,0.00%,0.00%,1.37%,0.00%,0.00%,8.22%,3.08%,1.37%,1.37%,0.00%,0.00%,0.00%,0.00%,0.00%,0.68%,0.00%,0.00%,0.00%,0.00%,0.00%,0.00%,3.08%,0.00%,1.37%,0.00%,0.00%,0.34%,0.00%,0.00%,0.00%,6.16%,0.00%,1.37%,0.34%,0.00%,0.34%,0.00%,0.68%,0.34%,1.37%,0.00%,0.00%,1.03%,0.00%,0.00%,0.00%,1.03%,0.00%,11.30%,0.00%,0.00%,10.96%,5.48%,0.68%,4.11%,0.00%,0.00%,0.00%,0.00%,0.00%,0.00%,0.00%,0.00%,0.00%,0.00%,0.00%,0.00%,0.00%,0.34%,0.00%,0.00%,0.00%,0.00%
C#:sus2,0.00%,0.00%,2.94%,0.00%,0.39%,0.00%,0.00%,0.00%,0.00%,0.39%,0.00%,5.87%,0.00%,0.20%,0.98%,0.59%,0.59%,0.20%,0.00%,0.00%,1.17%,0.00%,0.00%,0.00%,0.00%,0.59%,0.39%,0.00%,0.59%,0.39%,0.00%,0.00%,4.70%,0.78%,0.00%,0.00%,0.20%,0.00%,29.94%,0.20%,1.57%,9.39%,0.00%,4.89%,3.13%,0.00%,0.00%,0.00%,0.00%,0.00%,0.00%,1.17%,0.59%,0.00%,0.00%,0.00%,0.00%,0.39%,0.00%,0.00%,0.00%,0.00%,0.00%,0.00%,0.00%,0.00%,0.20%,0.00%,0.78%,0.00%,0.00%,0.00%,0.00%,0.20%,0.00%,2.15%,0.39%,0.00%,0.98%,2.15%,0.20%,0.78%,0.20%,0.00%,6.85%,0.20%,0.20%,3.91%,0.00%,2.15%,0.39%,0.20%,0.00%,0.39%,0.00%,0.20%,2.15%,1.96%,0.39%,0.78%,0.00%,0.00%,0.00%,0.00%,0.00%,0.00%,0.00%,0.00%,0.00%
C#:sus4,0.00%,0.00%,0.00%,0.00%,0.00%,0.00%,0.00%,0.00%,0.00%,0.00%,0.00%,2.96%,0.00%,0.00%,1.78%,0.59%,0.00%,0.30%,0.00%,0.00%,6.80%,0.00%,0.59%,1.18%,0.89%,0.89%,0.30%,0.30%,0.00%,0.00%,0.00%,0.00%,0.00%,0.00%,0.00%,0.00%,1.48%,0.00%,30.47%,0.00%,0.00%,6.80%,1.48%,3.55%,5.03%,0.00%,0.00%,0.00%,0.00%,0.00%,0.00%,0.59%,0.00%,0.00%,0.00%,0.00%,0.00%,0.59%,0.00%,0.00%,0.30%,0.00%,0.00%,0.00%,0.00%,0.00%,0.89%,0.00%,0.59%,0.00%,0.00%,0.59%,0.00%,0.59%,0.00%,0.00%,0.00%,0.00%,2.07%,0.59%,0.00%,0.30%,0.00%,0.00%,15.09%,0.30%,1.18%,7.10%,0.89%,1.78%,0.59%,0.00%,0.00%,0.00%,0.00%,0.00%,0.00%,0.00%,0.00%,0.59%,0.00%,0.00%,0.00%,0.00%,0.00%,0.00%,0.00%,0.00%,0.00%
C:7,0.00%,0.00%,0.00%,0.00%,0.00%,0.00%,1.04%,0.00%,0.00%,0.00%,0.00%,8.33%,0.00%,0.00%,0.00%,0.00%,0.00%,0.00%,0.00%,0.00%,2.08%,0.00%,0.00%,0.00%,0.00%,0.00%,0.00%,0.00%,0.00%,7.29%,1.04%,2.08%,0.00%,0.00%,0.00%,0.00%,0.00%,0.00%,3.12%,0.00%,0.00%,0.00%,0.00%,0.00%,0.00%,2.08%,0.00%,0.00%,7.29%,0.00%,1.04%,0.00%,1.04%,1.04%,0.00%,0.00%,0.00%,2.08%,0.00%,0.00%,0.00%,0.00%,0.00%,0.00%,0.00%,0.00%,0.00%,0.00%,0.00%,0.00%,0.00%,0.00%,0.00%,0.00%,0.00%,2.08%,0.00%,0.00%,0.00%,0.00%,0.00%,0.00%,0.00%,1.04%,0.00%,0.00%,0.00%,1.04%,0.00%,0.00%,0.00%,0.00%,0.00%,34.38%,0.00%,0.00%,10.42%,2.08%,6.25%,1.04%,0.00%,0.00%,0.00%,0.00%,0.00%,2.08%,0.00%,0.00%,0.00%
C:aug,0.00%,0.00%,0.00%,0.00%,0.00%,2.70%,0.00%,0.00%,0.00%,0.00%,0.00%,0.00%,0.00%,0.00%,0.00%,0.00%,0.00%,0.00%,0.00%,0.00%,0.00%,0.00%,0.00%,0.00%,0.00%,0.00%,0.00%,0.00%,0.00%,16.22%,0.00%,0.00%,27.03%,0.00%,0.00%,21.62%,0.00%,0.00%,0.00%,0.00%,0.00%,5.41%,0.00%,0.00%,2.70%,0.00%,0.00%,0.00%,0.00%,0.00%,0.00%,0.00%,0.00%,0.00%,0.00%,0.00%,0.00%,0.00%,0.00%,0.00%,0.00%,0.00%,0.00%,0.00%,0.00%,0.00%,10.81%,0.00%,0.00%,0.00%,0.00%,0.00%,0.00%,0.00%,0.00%,5.41%,0.00%,2.70%,0.00%,0.00%,0.00%,0.00%,0.00%,0.00%,5.41%,0.00%,0.00%,0.00%,0.00%,0.00%,0.00%,0.00%,0.00%,0.00%,0.00%,0.00%,0.00%,0.00%,0.00%,0.00%,0.00%,0.00%,0.00%,0.00%,0.00%,0.00%,0.00%,0.00%,0.00%
C:dim,0.00%,1.79%,0.00%,0.00%,0.00%,0.00%,0.00%,0.00%,0.00%,0.00%,0.00%,1.79%,0.00%,0.00%,3.57%,0.00%,0.00%,0.00%,0.00%,0.00%,37.50%,0.00%,0.00%,1.79%,0.00%,0.00%,0.00%,0.00%,0.00%,0.00%,0.00%,0.00%,1.79%,0.00%,0.00%,0.00%,0.00%,0.00%,14.29%,0.00%,0.00%,3.57%,0.00%,7.14%,0.00%,0.00%,0.00%,0.00%,1.79%,0.00%,0.00%,0.00%,0.00%,0.00%,0.00%,0.00%,0.00%,0.00%,0.00%,0.00%,0.00%,1.79%,0.00%,0.00%,0.00%,0.00%,3.57%,0.00%,0.00%,0.00%,0.00%,0.00%,0.00%,0.00%,0.00%,0.00%,0.00%,0.00%,0.00%,0.00%,0.00%,0.00%,0.00%,0.00%,1.79%,0.00%,0.00%,0.00%,0.00%,0.00%,0.00%,0.00%,0.00%,7.14%,0.00%,0.00%,10.71%,0.00%,0.00%,0.00%,0.00%,0.00%,0.00%,0.00%,0.00%,0.00%,0.00%,0.00%,0.00%
C:maj,0.08%,0.00%,1.25%,0.00%,0.08%,5.96%,0.93%,0.27%,0.14%,0.00%,0.00%,0.35%,0.00%,0.10%,0.08%,0.00%,0.06%,0.00%,0.06%,0.37%,1.36%,0.00%,0.02%,3.09%,0.58%,0.00%,0.18%,0.00%,0.00%,4.07%,0.08%,0.35%,0.43%,0.00%,0.08%,0.02%,0.00%,0.03%,0.38%,0.02%,0.05%,0.11%,0.02%,0.02%,0.00%,0.32%,0.02%,0.02%,12.20%,0.18%,1.30%,0.72%,0.16%,2.99%,0.69%,0.29%,0.03%,11.84%,0.03%,0.06%,8.28%,1.07%,0.51%,0.82%,0.11%,0.00%,0.70%,0.00%,0.02%,2.83%,0.21%,0.10%,0.10%,0.03%,0.00%,0.45%,0.00%,0.13%,0.10%,0.00%,0.00%,0.02%,0.00%,0.05%,0.11%,0.00%,0.00%,0.27%,0.02%,0.00%,0.02%,0.00%,0.00%,15.12%,0.03%,0.50%,2.40%,0.38%,1.39%,0.10%,0.26%,0.00%,10.11%,0.05%,0.22%,1.43%,0.10%,0.22%,0.30%
C:maj6,0.00%,0.00%,1.52%,0.00%,0.00%,3.03%,1.52%,0.00%,0.00%,0.00%,0.00%,0.00%,0.00%,0.00%,0.00%,0.00%,0.00%,0.00%,0.00%,1.52%,3.03%,0.00%,0.00%,0.00%,3.03%,0.00%,0.00%,0.00%,0.00%,6.06%,0.00%,3.03%,0.00%,0.00%,0.00%,0.00%,0.00%,0.00%,0.00%,0.00%,0.00%,0.00%,0.00%,0.00%,0.00%,0.00%,0.00%,0.00%,18.18%,1.52%,0.00%,0.00%,0.00%,7.58%,3.03%,0.00%,0.00%,16.67%,0.00%,0.00%,9.09%,0.00%,0.00%,4.55%,0.00%,0.00%,0.00%,0.00%,0.00%,0.00%,4.55%,0.00%,0.00%,0.00%,0.00%,0.00%,0.00%,0.00%,0.00%,0.00%,0.00%,0.00%,0.00%,0.00%,0.00%,0.00%,0.00%,0.00%,0.00%,0.00%,0.00%,0.00%,0.00%,3.03%,0.00%,0.00%,0.00%,0.00%,0.00%,0.00%,0.00%,0.00%,4.55%,0.00%,0.00%,1.52%,0.00%,3.03%,0.00%
C:maj7,0.00%,0.00%,0.58%,0.00%,0.00%,20.75%,1.73%,2.02%,1.15%,0.00%,0.00%,0.00%,0.00%,0.00%,0.00%,0.00%,0.00%,0.00%,0.00%,0.00%,0.29%,0.00%,0.00%,1.44%,2.31%,0.29%,0.58%,0.00%,0.00%,0.29%,0.00%,0.00%,0.58%,0.00%,0.00%,0.00%,0.00%,0.00%,0.00%,0.00%,0.00%,0.00%,0.00%,0.00%,0.00%,0.29%,0.00%,0.00%,8.93%,1.15%,2.31%,0.58%,0.00%,4.61%,0.00%,0.86%,0.00%,7.20%,1.15%,0.00%,4.61%,1.15%,0.29%,0.86%,0.00%,0.00%,0.86%,0.00%,0.29%,5.19%,4.03%,0.58%,1.73%,0.00%,0.00%,0.00%,0.00%,0.00%,0.00%,0.00%,0.00%,0.00%,0.00%,0.00%,0.00%,0.00%,0.00%,0.00%,0.29%,0.00%,0.00%,0.00%,0.00%,7.20%,0.29%,1.15%,0.00%,0.00%,1.15%,0.00%,0.00%,0.00%,8.36%,0.00%,0.29%,0.00%,0.00%,2.02%,0.58%
C:min,0.00%,0.06%,0.00%,0.00%,0.00%,0.00%,0.00%,0.03%,0.00%,0.00%,0.00%,11.34%,0.00%,1.66%,0.11%,0.06%,0.14%,0.00%,0.03%,0.00%,0.09%,0.00%,0.03%,0.17%,0.06%,0.00%,0.00%,0.06%,0.00%,8.91%,0.57%,0.00%,2.69%,0.23%,0.29%,0.17%,0.00%,0.00%,4.29%,0.00%,0.09%,0.03%,0.03%,0.06%,0.00%,0.00%,0.00%,0.00%,1.31%,0.00%,0.00%,12.31%,2.06%,2.63%,1.23%,0.03%,0.23%,1.94%,0.00%,0.00%,1.49%,0.69%,0.03%,0.37%,0.00%,0.00%,0.14%,0.00%,0.00%,0.14%,0.00%,0.03%,0.00%,0.03%,0.00%,5.37%,0.06%,0.57%,0.06%,0.00%,0.11%,0.11%,0.00%,0.03%,0.31%,0.00%,0.03%,0.03%,0.00%,0.09%,0.00%,0.34%,0.00%,8.71%,0.03%,0.00%,16.23%,1.14%,0.91%,0.69%,0.00%,0.00%,2.26%,0.00%,0.00%,6.46%,0.26%,0.03%,0.34%
C:min7,0.00%,0.00%,0.00%,0.00%,0.00%,0.00%,0.00%,0.00%,0.00%,0.45%,0.00%,9.30%,0.00%,0.68%,0.00%,0.00%,0.68%,0.00%,0.00%,0.00%,0.00%,0.00%,0.00%,0.00%,0.00%,0.00%,0.00%,0.91%,0.00%,7.03%,0.23%,0.45%,1.13%,1.36%,0.68%,0.00%,0.23%,0.00%,4.54%,0.00%,0.91%,0.00%,0.00%,0.68%,0.00%,0.45%,0.45%,0.00%,3.40%,0.00%,0.00%,9.75%,6.35%,2.04%,3.40%,0.00%,0.00%,0.45%,0.00%,0.00%,0.00%,2.49%,0.00%,0.00%,0.00%,0.00%,0.00%,0.00%,0.00%,0.00%,0.00%,0.00%,0.00%,0.00%,0.00%,3.85%,0.00%,0.45%,0.91%,0.23%,1.13%,1.59%,0.00%,0.00%,0.23%,0.00%,0.00%,0.00%,0.00%,0.00%,0.00%,0.91%,0.00%,6.58%,0.00%,0.00%,13.15%,4.54%,0.45%,2.04%,0.00%,0.00%,0.23%,0.00%,0.00%,3.17%,1.36%,0.23%,0.91%
C:sus2,0.00%,0.00%,0.13%,0.00%,0.00%,2.33%,1.03%,0.52%,0.26%,0.00%,0.00%,2.45%,0.13%,1.03%,0.00%,0.00%,0.00%,0.00%,0.00%,0.90%,0.52%,0.00%,0.00%,1.42%,1.03%,0.00%,0.00%,0.00%,0.00%,0.90%,0.00%,0.00%,0.00%,0.00%,0.65%,0.26%,0.00%,0.00%,0.00%,0.00%,0.00%,0.00%,0.00%,0.00%,0.00%,0.00%,0.00%,0.00%,26.49%,0.13%,2.33%,12.02%,1.29%,4.52%,2.33%,0.52%,0.00%,2.45%,0.00%,0.00%,2.07%,1.16%,0.39%,1.03%,0.13%,0.13%,0.00%,0.00%,0.00%,3.49%,2.58%,0.00%,0.13%,0.00%,0.00%,1.29%,0.00%,3.75%,0.00%,0.00%,0.13%,0.00%,0.00%,0.00%,0.00%,0.00%,0.00%,0.00%,0.00%,0.00%,0.00%,0.00%,0.00%,5.04%,0.00%,0.26%,1.16%,0.52%,1.16%,0.39%,0.00%,0.00%,6.72%,0.00%,0.00%,1.68%,0.39%,0.39%,0.39%
C:sus4,0.00%,0.00%,0.27%,0.00%,0.00%,0.53%,0.00%,0.27%,0.00%,0.00%,0.00%,2.14%,0.00%,0.00%,0.00%,0.00%,0.00%,0.00%,0.00%,0.27%,0.00%,0.00%,0.00%,0.00%,0.00%,0.00%,0.00%,0.00%,0.00%,4.55%,0.27%,0.27%,0.53%,4.55%,0.27%,0.27%,0.00%,0.00%,0.53%,0.00%,0.53%,0.00%,0.00%,0.00%,0.00%,1.87%,0.80%,0.00%,27.01%,0.53%,0.27%,7.49%,3.21%,5.35%,3.74%,0.00%,0.00%,0.80%,0.00%,0.00%,2.67%,3.21%,0.00%,0.80%,0.00%,0.00%,0.00%,0.00%,0.00%,0.00%,0.80%,0.00%,0.00%,0.27%,0.00%,2.94%,0.53%,1.60%,0.00%,0.00%,0.00%,0.00%,0.00%,0.00%,0.00%,0.00%,0.27%,0.00%,0.00%,0.00%,0.00%,0.00%,0.00%,10.16%,0.53%,1.34%,2.67%,0.27%,1.60%,0.80%,0.00%,0.00%,1.87%,0.00%,0.00%,0.53%,0.53%,0.27%,0.00%
D:7,0.00%,0.00%,0.00%,0.00%,0.00%,12.33%,0.00%,2.64%,0.00%,0.00%,0.00%,0.00%,0.00%,0.00%,0.88%,0.00%,0.00%,0.00%,0.00%,0.44%,0.00%,0.00%,0.00%,5.29%,0.88%,0.00%,0.44%,0.00%,0.00%,0.88%,0.00%,4.85%,0.00%,0.00%,0.00%,0.00%,0.00%,0.00%,0.00%,0.00%,0.00%,0.00%,0.00%,0.00%,0.00%,0.00%,0.00%,0.00%,3.52%,0.00%,0.44%,0.00%,0.00%,0.44%,0.00%,3.52%,0.00%,7.05%,0.00%,0.00%,0.00%,0.00%,0.88%,1.32%,0.00%,0.00%,3.08%,0.00%,0.00%,1.76%,0.44%,0.00%,0.88%,0.00%,0.00%,1.76%,0.00%,0.00%,0.00%,0.00%,0.00%,0.00%,0.00%,0.44%,2.20%,0.00%,0.00%,0.00%,0.00%,0.00%,0.00%,0.88%,0.00%,3.96%,0.44%,0.00%,0.00%,0.00%,0.00%,0.00%,0.88%,0.00%,26.87%,0.00%,0.44%,6.61%,0.88%,1.32%,1.32%
D:dim,0.00%,0.00%,1.79%,0.00%,0.00%,0.00%,0.00%,0.00%,0.00%,0.00%,0.00%,1.79%,0.00%,0.00%,0.00%,0.00%,0.00%,0.00%,0.00%,0.00%,0.00%,0.00%,0.00%,0.00%,0.00%,0.00%,0.00%,0.00%,0.00%,1.79%,0.00%,0.00%,28.57%,0.00%,0.00%,0.00%,0.00%,0.00%,5.36%,0.00%,3.57%,0.00%,0.00%,0.00%,0.00%,0.00%,0.00%,0.00%,3.57%,0.00%,0.00%,7.14%,0.00%,0.00%,0.00%,0.00%,0.00%,0.00%,0.00%,0.00%,0.00%,0.00%,0.00%,0.00%,0.00%,0.00%,0.00%,0.00%,0.00%,0.00%,0.00%,0.00%,0.00%,0.00%,0.00%,3.57%,0.00%,0.00%,10.71%,3.57%,0.00%,1.79%,0.00%,0.00%,0.00%,0.00%,0.00%,0.00%,0.00%,0.00%,0.00%,0.00%,0.00%,0.00%,0.00%,0.00%,0.00%,0.00%,0.00%,0.00%,0.00%,0.00%,26.79%,0.00%,0.00%,0.00%,0.00%,0.00%,0.00%
D:maj,0.17%,0.00%,8.03%,0.19%,0.06%,1.40%,0.06%,0.34%,0.34%,0.08%,0.08%,0.32%,0.00%,0.00%,0.17%,0.02%,0.04%,0.00%,0.00%,0.00%,1.23%,0.00%,0.00%,5.75%,1.06%,0.25%,0.08%,0.00%,0.02%,0.47%,0.00%,0.06%,0.02%,0.02%,0.00%,0.00%,0.04%,0.28%,0.62%,0.00%,0.00%,2.26%,0.25%,0.02%,0.45%,0.00%,0.00%,0.00%,5.90%,0.11%,0.09%,0.51%,0.00%,0.11%,0.02%,0.81%,0.00%,10.86%,0.19%,0.62%,0.96%,0.23%,2.19%,1.02%,0.28%,0.02%,8.69%,0.00%,0.02%,9.50%,0.60%,0.40%,0.70%,0.00%,0.08%,0.74%,0.00%,0.09%,0.08%,0.00%,0.08%,0.00%,0.13%,0.04%,0.60%,0.00%,0.02%,2.49%,0.26%,0.04%,0.15%,0.04%,0.00%,0.70%,0.02%,0.08%,0.00%,0.00%,0.04%,0.06%,0.26%,0.00%,19.76%,0.09%,0.68%,3.41%,0.08%,1.38%,0.66%
D:maj6,0.00%,0.00%,0.00%,0.00%,0.00%,3.64%,1.82%,0.00%,0.00%,0.00%,0.00%,0.00%,0.00%,0.00%,0.00%,0.00%,0.00%,0.00%,0.00%,0.00%,0.00%,0.00%,0.00%,9.09%,7.27%,1.82%,1.82%,0.00%,0.00%,0.00%,0.00%,0.00%,0.00%,0.00%,0.00%,0.00%,0.00%,0.00%,0.00%,0.00%,0.00%,0.00%,0.00%,0.00%,0.00%,0.00%,0.00%,0.00%,7.27%,5.45%,1.82%,0.00%,0.00%,0.00%,0.00%,0.00%,0.00%,27.27%,1.82%,0.00%,0.00%,0.00%,0.00%,1.82%,0.00%,0.00%,1.82%,3.64%,0.00%,7.27%,3.64%,1.82%,0.00%,0.00%,0.00%,0.00%,0.00%,0.00%,0.00%,0.00%,0.00%,0.00%,0.00%,0.00%,0.00%,0.00%,0.00%,0.00%,0.00%,0.00%,0.00%,0.00%,0.00%,0.00%,0.00%,0.00%,0.00%,0.00%,0.00%,0.00%,0.00%,0.00%,7.27%,0.00%,0.00%,0.00%,0.00%,3.64%,0.00%
D:maj7,0.00%,0.00%,2.46%,0.00%,1.97%,0.00%,0.00%,2.46%,1.97%,0.00%,0.00%,0.00%,0.00%,0.00%,0.00%,0.00%,0.00%,0.00%,0.00%,0.00%,0.99%,0.00%,0.00%,25.62%,4.93%,5.91%,0.49%,0.49%,0.00%,0.00%,0.00%,0.00%,0.00%,0.00%,0.00%,0.00%,0.00%,0.00%,0.49%,0.00%,0.00%,0.49%,0.00%,0.00%,0.49%,0.00%,0.00%,0.00%,0.00%,0.00%,0.00%,0.00%,0.00%,0.00%,0.00%,0.99%,0.00%,10.84%,0.00%,4.43%,0.00%,0.00%,3.45%,0.49%,0.49%,0.00%,3.94%,0.99%,0.00%,3.94%,0.49%,0.00%,0.49%,0.00%,0.49%,0.00%,0.00%,0.00%,0.00%,0.00%,0.00%,0.00%,0.49%,0.00%,0.00%,0.00%,0.00%,1.48%,1.97%,0.00%,0.00%,0.00%,0.00%,0.49%,0.00%,0.00%,0.00%,0.00%,0.00%,0.00%,0.00%,0.00%,13.30%,0.00%,1.48%,0.00%,0.00%,0.99%,0.00%
D:min,0.18%,0.00%,1.12%,0.00%,0.03%,8.31%,0.62%,0.24%,0.24%,0.00%,0.18%,0.18%,0.00%,0.00%,0.00%,0.00%,0.00%,0.00%,0.00%,0.47%,0.03%,0.00%,0.00%,0.06%,0.00%,0.00%,0.00%,0.00%,0.00%,7.92%,0.03%,0.98%,0.12%,0.00%,0.24%,0.03%,0.00%,0.03%,0.12%,0.00%,0.00%,0.15%,0.00%,0.00%,0.00%,0.06%,0.00%,0.00%,8.16%,0.33%,0.00%,2.36%,0.12%,0.74%,0.12%,0.03%,0.03%,1.09%,0.00%,0.00%,12.80%,1.45%,1.66%,0.83%,0.00%,0.33%,1.86%,0.00%,0.00%,3.90%,0.27%,0.00%,0.44%,0.00%,0.00%,4.61%,0.00%,0.12%,0.27%,0.00%,0.09%,0.00%,0.00%,0.00%,0.03%,0.00%,0.00%,0.00%,0.00%,0.00%,0.00%,0.35%,0.00%,4.32%,0.12%,0.35%,0.41%,0.00%,0.30%,0.21%,0.21%,0.00%,13.24%,0.00%,0.06%,14.16%,0.80%,1.77%,0.77%
D:min7,0.22%,0.00%,0.22%,0.00%,0.00%,2.80%,1.29%,0.00%,0.00%,0.00%,0.00%,1.51%,0.22%,0.00%,0.00%,0.00%,0.22%,0.00%,0.00%,0.22%,0.00%,0.00%,0.00%,1.29%,0.00%,0.00%,0.00%,0.00%,0.00%,8.84%,0.22%,1.29%,0.00%,0.00%,0.00%,0.00%,0.00%,0.00%,0.00%,0.00%,0.00%,0.00%,0.00%,0.00%,0.00%,0.00%,0.00%,0.00%,6.47%,0.43%,0.43%,2.37%,1.94%,0.65%,0.86%,0.00%,0.00%,0.86%,0.00%,0.00%,11.64%,2.16%,2.37%,4.31%,0.00%,0.00%,0.43%,0.00%,0.00%,0.65%,1.72%,0.00%,0.00%,0.00%,0.00%,4.09%,0.00%,0.43%,0.00%,0.00%,0.00%,0.00%,0.00%,0.00%,0.00%,0.00%,0.00%,0.00%,0.00%,0.00%,0.00%,0.43%,0.00%,9.27%,0.00%,2.37%,0.22%,0.00%,0.43%,0.65%,1.29%,0.00%,5.60%,0.00%,0.00%,7.97%,5.82%,0.22%,5.60%
D:sus2,0.00%,0.00%,4.13%,0.50%,0.00%,1.82%,0.50%,0.50%,0.99%,0.00%,0.00%,0.00%,0.00%,0.50%,0.00%,0.00%,0.00%,0.00%,0.00%,0.00%,0.00%,0.00%,0.00%,2.31%,0.50%,0.00%,0.00%,0.17%,0.17%,1.16%,0.00%,0.00%,0.00%,0.00%,0.00%,0.00%,0.00%,0.00%,0.17%,0.00%,0.00%,1.16%,0.17%,0.00%,0.00%,0.00%,0.00%,0.00%,3.47%,0.00%,0.17%,0.00%,0.00%,1.16%,0.00%,3.47%,0.00%,28.76%,0.17%,1.32%,13.55%,1.32%,5.45%,0.83%,0.00%,0.00%,5.45%,0.00%,0.00%,1.16%,0.66%,2.31%,0.50%,0.00%,0.00%,0.17%,0.00%,0.00%,0.17%,0.00%,0.00%,0.00%,0.00%,0.00%,0.17%,0.00%,0.00%,0.99%,0.33%,0.00%,0.17%,0.00%,0.00%,0.66%,0.00%,0.50%,0.17%,0.00%,0.33%,0.00%,0.17%,0.00%,6.12%,0.17%,0.66%,2.81%,0.00%,1.32%,0.66%
D:sus4,0.00%,0.00%,0.52%,0.00%,0.00%,0.78%,1.04%,1.30%,0.52%,0.00%,0.00%,0.52%,0.00%,0.00%,0.00%,0.00%,0.00%,0.00%,0.52%,0.00%,0.00%,0.00%,0.00%,0.52%,1.04%,0.00%,0.26%,0.00%,0.00%,4.15%,0.00%,0.78%,0.00%,0.00%,0.52%,0.00%,0.00%,0.00%,0.00%,0.00%,0.00%,0.00%,0.26%,0.00%,0.00%,0.00%,0.00%,0.00%,7.25%,0.00%,0.26%,0.78%,0.26%,1.55%,0.52%,0.52%,0.00%,23.32%,0.26%,0.00%,7.51%,1.30%,2.07%,3.11%,0.00%,0.00%,0.26%,0.00%,0.00%,3.11%,1.04%,0.26%,1.04%,0.00%,0.52%,5.96%,0.00%,0.00%,0.00%,0.00%,0.00%,0.00%,0.00%,0.26%,0.00%,0.00%,0.00%,0.52%,0.00%,0.00%,0.00%,0.00%,0.00%,1.55%,0.00%,0.00%,0.00%,0.00%,1.30%,0.00%,0.52%,0.00%,11.66%,0.52%,0.52%,4.92%,1.04%,1.81%,1.81%
E:7,0.00%,0.00%,31.15%,0.00%,2.46%,14.75%,0.82%,0.82%,2.46%,0.00%,0.82%,0.00%,0.00%,0.00%,0.00%,0.00%,0.00%,0.00%,0.00%,0.00%,0.00%,0.00%,0.00%,0.82%,1.64%,1.64%,0.82%,0.00%,0.00%,0.00%,0.00%,0.00%,0.00%,0.00%,0.00%,0.00%,0.00%,0.00%,0.82%,0.00%,0.00%,0.82%,0.82%,0.00%,0.00%,0.00%,0.00%,0.00%,2.46%,0.00%,0.82%,0.00%,0.00%,0.82%,0.00%,0.82%,0.00%,6.56%,0.00%,0.00%,0.00%,0.00%,0.00%,0.00%,1.64%,0.00%,16.39%,0.00%,2.46%,0.00%,0.00%,0.82%,2.46%,0.00%,0.00%,0.00%,0.00%,0.00%,0.00%,0.00%,0.00%,0.00%,0.00%,0.00%,0.00%,0.00%,0.00%,0.82%,0.82%,0.00%,0.00%,0.00%,0.00%,1.64%,0.00%,0.82%,0.00%,0.00%,0.00%,0.00%,0.00%,0.00%,0.00%,0.00%,0.00%,0.00%,0.00%,0.00%,0.00%
E:dim,10.87%,0.00%,13.04%,0.00%,0.00%,2.17%,0.00%,0.00%,0.00%,0.00%,0.00%,2.17%,0.00%,0.00%,0.00%,0.00%,0.00%,0.00%,0.00%,0.00%,4.35%,0.00%,0.00%,0.00%,0.00%,0.00%,0.00%,0.00%,0.00%,2.17%,0.00%,0.00%,0.00%,0.00%,0.00%,0.00%,0.00%,0.00%,0.00%,0.00%,0.00%,2.17%,0.00%,0.00%,0.00%,0.00%,0.00%,0.00%,4.35%,0.00%,0.00%,32.61%,2.17%,0.00%,0.00%,0.00%,0.00%,8.70%,0.00%,0.00%,0.00%,0.00%,0.00%,0.00%,0.00%,0.00%,0.00%,0.00%,0.00%,0.00%,0.00%,0.00%,2.17%,4.35%,0.00%,6.52%,0.00%,0.00%,0.00%,0.00%,0.00%,0.00%,0.00%,0.00%,0.00%,0.00%,0.00%,0.00%,0.00%,0.00%,0.00%,0.00%,0.00%,2.17%,0.00%,0.00%,0.00%,0.00%,0.00%,0.00%,0.00%,0.00%,0.00%,0.00%,0.00%,0.00%,0.00%,0.00%,0.00%
E:maj,0.02%,0.00%,15.76%,0.02%,0.60%,5.62%,0.19%,1.45%,0.28%,0.13%,0.06%,0.56%,0.00%,0.00%,3.54%,0.62%,0.04%,0.11%,0.02%,0.00%,7.43%,0.04%,0.04%,1.35%,0.04%,0.13%,0.32%,0.00%,0.23%,0.06%,0.00%,0.00%,0.02%,0.00%,0.02%,0.02%,0.06%,0.04%,1.43%,0.00%,0.00%,7.07%,0.26%,0.23%,0.13%,0.06%,0.00%,0.02%,0.83%,0.00%,0.09%,0.13%,0.00%,0.04%,0.00%,0.00%,0.02%,3.50%,0.21%,0.19%,0.45%,0.00%,0.38%,0.04%,1.11%,0.06%,13.71%,0.06%,0.79%,1.05%,0.06%,1.43%,0.58%,0.02%,0.13%,0.81%,0.00%,0.00%,3.29%,0.60%,0.00%,0.13%,0.32%,0.00%,9.31%,0.00%,0.00%,8.07%,0.98%,0.68%,0.68%,0.00%,0.02%,0.83%,0.00%,0.09%,0.04%,0.02%,0.02%,0.00%,0.02%,0.04%,0.51%,0.02%,0.02%,0.06%,0.00%,0.47%,0.00%
E:maj6,0.00%,0.00%,9.09%,0.00%,0.00%,0.00%,0.00%,4.55%,0.00%,0.00%,0.00%,0.00%,0.00%,0.00%,2.27%,4.55%,0.00%,0.00%,0.00%,0.00%,0.00%,0.00%,0.00%,0.00%,0.00%,0.00%,0.00%,0.00%,0.00%,0.00%,0.00%,0.00%,0.00%,0.00%,0.00%,0.00%,0.00%,0.00%,0.00%,0.00%,0.00%,0.00%,2.27%,0.00%,2.27%,0.00%,0.00%,0.00%,2.27%,0.00%,0.00%,0.00%,0.00%,0.00%,0.00%,0.00%,0.00%,11.36%,0.00%,0.00%,0.00%,0.00%,0.00%,0.00%,0.00%,0.00%,31.82%,0.00%,0.00%,2.27%,0.00%,0.00%,6.82%,0.00%,0.00%,2.27%,0.00%,0.00%,0.00%,0.00%,0.00%,0.00%,2.27%,0.00%,6.82%,0.00%,0.00%,4.55%,2.27%,0.00%,2.27%,0.00%,0.00%,0.00%,0.00%,0.00%,0.00%,0.00%,0.00%,0.00%,0.00%,0.00%,0.00%,0.00%,0.00%,0.00%,0.00%,0.00%,0.00%
E:maj7,0.00%,0.00%,7.58%,0.00%,2.02%,0.00%,0.00%,0.00%,0.00%,0.00%,0.00%,1.52%,0.00%,0.00%,7.07%,3.54%,0.51%,0.51%,0.00%,0.00%,10.10%,0.00%,0.51%,0.00%,0.00%,0.00%,0.00%,0.00%,0.51%,0.00%,0.00%,0.00%,0.00%,0.00%,0.00%,0.00%,1.01%,0.00%,2.53%,0.00%,0.00%,2.53%,7.07%,0.00%,0.00%,0.00%,0.00%,0.00%,0.51%,0.00%,0.00%,0.00%,0.00%,0.00%,0.00%,0.00%,0.00%,1.52%,0.00%,0.00%,0.51%,0.00%,0.51%,0.00%,1.52%,0.00%,14.14%,0.00%,4.04%,0.00%,0.00%,2.53%,0.00%,0.00%,0.00%,1.01%,0.00%,1.52%,3.03%,2.53%,0.00%,0.00%,1.01%,0.00%,11.11%,0.51%,0.00%,1.01%,0.51%,0.51%,4.55%,0.00%,0.00%,0.00%,0.00%,0.00%,0.00%,0.00%,0.00%,0.00%,0.00%,0.00%,0.51%,0.00%,0.00%,0.00%,0.00%,0.00%,0.00%
E:min,0.44%,0.00%,9.49%,0.00%,0.00%,18.35%,1.07%,0.85%,0.44%,0.00%,0.00%,0.05%,0.00%,0.03%,0.05%,0.00%,0.00%,0.00%,0.11%,0.00%,0.63%,0.00%,0.00%,7.80%,0.90%,0.05%,0.00%,0.00%,0.00%,0.05%,0.00%,0.00%,0.00%,0.00%,0.00%,0.00%,0.00%,0.36%,0.03%,0.00%,0.00%,0.14%,0.00%,0.00%,0.00%,0.00%,0.00%,0.00%,11.95%,0.03%,0.41%,0.19%,0.00%,0.08%,0.14%,0.08%,0.00%,7.39%,0.19%,0.03%,4.76%,0.36%,0.96%,0.49%,0.22%,0.00%,1.78%,0.00%,0.11%,10.69%,1.31%,0.71%,0.85%,0.00%,0.16%,0.16%,0.00%,0.05%,0.16%,0.00%,0.00%,0.00%,0.08%,0.08%,1.09%,0.00%,0.00%,2.63%,0.05%,0.00%,0.27%,0.00%,0.00%,6.02%,0.11%,0.41%,0.08%,0.00%,0.16%,0.00%,0.05%,0.00%,4.24%,0.11%,0.16%,0.14%,0.00%,0.16%,0.03%
E:min7,1.36%,0.00%,4.09%,0.00%,0.00%,8.41%,7.27%,0.45%,0.91%,0.00%,0.45%,0.00%,0.00%,0.00%,0.00%,0.00%,0.00%,0.00%,0.00%,0.23%,0.00%,0.00%,0.00%,4.55%,3.64%,0.00%,0.23%,0.00%,0.00%,0.00%,0.00%,0.00%,0.00%,0.00%,0.00%,0.00%,0.00%,0.00%,1.82%,0.00%,0.00%,0.00%,0.00%,0.00%,0.00%,0.00%,0.00%,0.00%,7.95%,0.00%,1.59%,0.91%,0.00%,0.91%,0.00%,0.23%,0.00%,10.00%,0.68%,0.00%,1.36%,1.82%,0.68%,1.59%,0.91%,0.00%,2.73%,0.00%,0.00%,8.86%,2.05%,1.59%,2.50%,0.00%,0.00%,0.00%,0.00%,0.00%,0.00%,0.00%,0.00%,0.00%,0.00%,0.00%,0.00%,0.00%,0.00%,1.36%,1.14%,0.00%,0.00%,0.45%,0.00%,5.45%,0.45%,1.14%,0.00%,0.00%,1.14%,0.00%,0.23%,0.00%,6.36%,0.23%,0.45%,0.23%,0.00%,1.36%,0.23%
E:sus2,0.00%,0.00%,6.08%,0.00%,1.35%,1.35%,0.00%,4.05%,0.34%,1.69%,0.00%,1.01%,0.00%,0.00%,0.34%,3.38%,0.00%,0.00%,0.34%,0.00%,5.74%,0.34%,0.00%,1.69%,0.00%,0.68%,0.00%,0.00%,0.00%,0.00%,0.00%,0.00%,0.00%,0.00%,0.00%,0.00%,0.00%,0.00%,0.68%,0.00%,0.00%,1.01%,0.34%,0.00%,2.03%,0.00%,0.00%,0.34%,4.39%,0.00%,1.01%,0.00%,0.00%,0.00%,0.00%,0.00%,0.00%,3.72%,0.68%,0.00%,0.00%,0.00%,0.34%,0.00%,1.01%,0.00%,20.61%,0.34%,0.00%,10.47%,3.72%,3.04%,1.35%,0.00%,0.00%,0.00%,0.00%,0.00%,0.34%,1.01%,0.00%,0.68%,0.68%,0.00%,1.35%,0.00%,0.00%,1.69%,1.35%,0.34%,1.01%,0.00%,0.00%,0.00%,0.00%,0.00%,0.00%,0.00%,0.00%,0.00%,0.00%,0.00%,6.08%,0.00%,0.68%,0.00%,0.00%,1.35%,0.00%
E:sus4,0.29%,0.00%,7.62%,0.00%,0.00%,11.44%,0.88%,0.88%,0.29%,0.00%,0.00%,0.00%,0.00%,0.00%,0.29%,0.00%,0.00%,0.00%,0.00%,0.00%,0.29%,0.00%,0.00%,2.05%,0.29%,0.00%,0.29%,0.00%,0.00%,0.00%,0.00%,0.00%,0.00%,0.00%,0.00%,0.00%,0.00%,0.00%,0.29%,0.00%,0.00%,2.05%,0.29%,0.00%,0.00%,0.00%,0.00%,0.00%,2.64%,0.00%,0.88%,0.00%,0.00%,0.00%,0.59%,0.00%,0.00%,7.62%,0.00%,0.00%,2.35%,0.29%,0.59%,0.88%,0.29%,0.00%,26.98%,0.29%,0.00%,10.26%,0.88%,1.47%,6.45%,0.00%,0.00%,0.00%,0.00%,0.00%,0.00%,0.00%,0.00%,0.00%,0.00%,0.00%,0.29%,0.00%,0.00%,2.05%,0.59%,0.00%,0.29%,0.00%,0.00%,2.05%,0.00%,0.29%,0.00%,0.00%,0.00%,0.00%,0.00%,0.00%,4.11%,0.00%,0.59%,0.00%,0.00%,0.00%,0.00%
Eb:7,0.00%,0.00%,0.00%,0.00%,0.00%,0.00%,0.00%,0.00%,0.00%,0.71%,0.00%,24.29%,0.00%,0.71%,13.57%,6.43%,2.14%,6.43%,0.00%,0.00%,2.86%,0.00%,0.00%,0.00%,0.00%,0.00%,0.00%,0.00%,0.00%,0.00%,0.00%,0.00%,0.71%,1.43%,0.71%,0.00%,0.00%,0.00%,4.29%,0.00%,0.00%,0.00%,0.00%,0.00%,0.00%,0.00%,0.00%,0.00%,0.00%,0.00%,0.00%,4.29%,6.43%,0.00%,0.71%,0.00%,0.00%,0.00%,0.00%,0.00%,0.00%,0.00%,0.00%,0.00%,0.00%,0.00%,0.71%,0.00%,0.71%,0.00%,0.00%,0.00%,0.00%,2.14%,0.00%,9.29%,0.00%,0.00%,2.14%,0.71%,1.43%,0.00%,0.00%,0.00%,1.43%,0.00%,0.71%,0.00%,0.00%,0.00%,0.00%,0.71%,0.00%,0.00%,0.00%,0.00%,2.86%,0.00%,0.00%,0.71%,0.00%,0.00%,0.00%,0.00%,0.71%,0.00%,0.00%,0.00%,0.00%
Eb:dim,0.00%,0.00%,0.00%,0.00%,0.00%,0.00%,0.00%,0.00%,0.00%,0.00%,0.00%,12.82%,0.00%,0.00%,5.13%,0.00%,0.00%,0.00%,0.00%,0.00%,2.56%,0.00%,0.00%,7.69%,0.00%,0.00%,0.00%,0.00%,0.00%,0.00%,0.00%,0.00%,0.00%,0.00%,0.00%,0.00%,0.00%,0.00%,2.56%,0.00%,0.00%,2.56%,0.00%,0.00%,0.00%,0.00%,0.00%,0.00%,0.00%,0.00%,0.00%,0.00%,0.00%,0.00%,0.00%,0.00%,0.00%,28.21%,0.00%,0.00%,0.00%,0.00%,0.00%,0.00%,0.00%,0.00%,7.69%,0.00%,0.00%,5.13%,0.00%,0.00%,10.26%,0.00%,12.82%,2.56%,0.00%,0.00%,0.00%,0.00%,0.00%,0.00%,0.00%,0.00%,0.00%,0.00%,0.00%,0.00%,0.00%,0.00%,0.00%,0.00%,0.00%,0.00%,0.00%,0.00%,0.00%,0.00%,0.00%,0.00%,0.00%,0.00%,0.00%,0.00%,0.00%,0.00%,0.00%,0.00%,0.00%
Eb:maj,0.00%,0.10%,0.12%,0.00%,0.00%,0.08%,0.04%,0.00%,0.00%,0.02%,0.02%,13.78%,0.02%,0.85%,4.40%,0.19%,1.07%,0.33%,0.00%,0.00%,0.27%,0.00%,0.06%,0.14%,0.00%,0.00%,0.00%,0.06%,0.00%,6.91%,0.04%,0.10%,0.93%,0.04%,0.08%,0.17%,0.06%,0.02%,4.83%,0.08%,0.00%,0.23%,0.00%,0.21%,0.04%,0.08%,0.00%,0.00%,1.34%,0.00%,0.00%,7.59%,0.85%,0.12%,0.21%,0.08%,0.27%,1.77%,0.00%,0.00%,2.89%,0.21%,0.00%,0.17%,0.00%,0.00%,0.62%,0.00%,0.04%,0.08%,0.00%,0.00%,0.00%,0.43%,0.00%,11.66%,0.31%,1.40%,0.76%,0.06%,1.75%,0.66%,0.00%,0.08%,0.41%,0.00%,0.00%,0.08%,0.00%,0.00%,0.00%,0.23%,0.00%,15.25%,0.08%,0.00%,7.84%,1.07%,0.52%,0.95%,0.00%,0.00%,1.24%,0.00%,0.00%,2.87%,0.58%,0.04%,0.08%
Eb:maj6,0.00%,0.00%,0.00%,0.00%,0.00%,0.00%,0.00%,0.00%,0.00%,0.00%,0.00%,1.79%,0.00%,3.57%,0.00%,0.00%,0.00%,0.00%,0.00%,0.00%,0.00%,0.00%,0.00%,0.00%,0.00%,0.00%,0.00%,0.00%,0.00%,5.36%,1.79%,0.00%,0.00%,0.00%,0.00%,5.36%,0.00%,0.00%,12.50%,3.57%,0.00%,0.00%,0.00%,0.00%,0.00%,0.00%,0.00%,0.00%,0.00%,0.00%,0.00%,23.21%,1.79%,1.79%,0.00%,0.00%,0.00%,1.79%,0.00%,0.00%,3.57%,0.00%,0.00%,0.00%,0.00%,0.00%,0.00%,0.00%,0.00%,0.00%,0.00%,0.00%,0.00%,0.00%,0.00%,5.36%,0.00%,1.79%,0.00%,0.00%,10.71%,1.79%,0.00%,0.00%,0.00%,0.00%,0.00%,0.00%,0.00%,0.00%,0.00%,0.00%,0.00%,1.79%,0.00%,0.00%,5.36%,3.57%,1.79%,1.79%,0.00%,0.00%,0.00%,0.00%,0.00%,0.00%,0.00%,0.00%,0.00%
Eb:maj7,0.00%,0.00%,0.00%,0.00%,0.00%,0.00%,0.35%,0.00%,0.00%,0.00%,0.00%,7.69%,0.00%,1.75%,0.00%,0.00%,1.75%,0.00%,0.00%,0.00%,0.00%,0.00%,0.00%,0.00%,0.00%,0.35%,0.00%,0.00%,0.00%,7.69%,0.35%,0.00%,0.00%,0.00%,1.05%,0.00%,0.00%,0.00%,0.70%,0.00%,0.00%,0.00%,0.35%,0.00%,0.00%,0.35%,0.00%,0.00%,2.10%,0.00%,0.00%,27.27%,2.10%,3.85%,0.35%,0.35%,0.35%,2.10%,0.00%,0.00%,1.40%,1.40%,0.00%,0.00%,0.00%,0.00%,0.00%,0.00%,0.00%,0.00%,0.35%,0.00%,0.00%,0.35%,0.00%,9.44%,1.05%,5.24%,0.35%,0.00%,0.00%,0.00%,0.00%,0.00%,0.00%,0.00%,0.00%,0.00%,0.00%,0.00%,0.00%,1.05%,0.00%,2.80%,1.05%,0.00%,2.45%,1.40%,1.05%,1.40%,0.00%,0.00%,2.10%,0.00%,0.00%,5.59%,0.70%,0.00%,0.00%
Eb:min,0.00%,0.00%,0.20%,0.00%,0.00%,0.00%,0.00%,0.00%,0.00%,0.20%,0.00%,14.40%,0.04%,0.00%,14.32%,0.47%,1.49%,0.90%,0.00%,0.00%,8.94%,0.04%,0.35%,0.51%,0.04%,0.16%,0.00%,0.00%,0.00%,0.82%,0.00%,0.00%,5.02%,0.63%,0.08%,0.04%,0.24%,0.00%,7.53%,0.35%,0.04%,4.59%,0.39%,0.55%,0.98%,0.00%,0.00%,0.24%,0.00%,0.00%,0.00%,0.08%,0.04%,0.00%,0.00%,0.00%,0.04%,0.08%,0.00%,0.00%,0.08%,0.00%,0.00%,0.00%,0.00%,0.00%,5.85%,0.04%,0.12%,0.00%,0.00%,0.00%,0.04%,0.12%,0.16%,2.00%,0.00%,0.00%,11.97%,1.41%,1.65%,1.02%,0.24%,0.00%,4.47%,0.04%,0.59%,0.20%,0.00%,0.00%,0.12%,0.27%,0.16%,1.41%,0.00%,0.04%,2.82%,0.59%,0.08%,0.55%,0.04%,0.00%,0.04%,0.00%,0.00%,0.12%,0.00%,0.00%,0.00%
Eb:min7,0.00%,0.00%,0.00%,0.00%,0.00%,0.00%,0.00%,0.00%,0.00%,0.78%,0.00%,6.48%,0.00%,0.00%,12.44%,3.37%,0.52%,6.22%,0.00%,0.00%,9.84%,0.78%,0.78%,0.00%,0.00%,0.26%,0.00%,0.00%,0.00%,0.52%,0.00%,0.00%,2.85%,5.18%,0.00%,0.00%,1.04%,0.00%,5.96%,2.33%,0.26%,3.63%,1.55%,0.26%,1.55%,0.00%,0.00%,1.30%,0.00%,0.00%,0.00%,0.52%,0.00%,0.00%,0.00%,0.00%,0.00%,0.00%,0.00%,0.00%,0.00%,0.00%,0.00%,0.00%,0.00%,0.00%,1.04%,0.00%,0.78%,0.00%,0.00%,0.00%,0.00%,1.04%,0.00%,2.07%,0.00%,0.00%,8.29%,4.66%,0.26%,2.59%,0.00%,0.00%,7.25%,0.00%,1.04%,0.52%,0.00%,0.00%,0.00%,0.26%,0.00%,0.52%,0.00%,0.00%,0.52%,0.26%,0.00%,0.26%,0.00%,0.26%,0.00%,0.00%,0.00%,0.00%,0.00%,0.00%,0.00%
Eb:sus2,0.00%,0.00%,0.00%,0.00%,0.00%,0.00%,0.00%,0.00%,0.00%,1.14%,0.00%,6.18%,0.00%,1.83%,2.29%,0.00%,1.60%,0.46%,0.00%,0.00%,1.37%,0.00%,0.00%,0.00%,0.00%,0.00%,0.00%,0.00%,0.00%,5.95%,0.00%,0.00%,0.92%,1.14%,0.00%,0.00%,0.00%,0.00%,1.60%,0.46%,0.00%,0.00%,0.00%,0.00%,0.46%,0.00%,0.00%,0.00%,0.69%,0.00%,0.00%,4.35%,1.83%,0.46%,0.00%,0.00%,0.23%,0.00%,0.00%,0.00%,1.14%,0.23%,0.00%,0.00%,0.00%,0.00%,0.00%,0.00%,0.00%,0.23%,0.00%,0.00%,0.00%,1.60%,0.00%,33.18%,0.23%,1.14%,12.36%,0.00%,4.12%,0.46%,0.00%,0.00%,0.92%,0.00%,0.23%,0.00%,0.00%,0.23%,0.00%,0.00%,0.00%,2.29%,0.23%,0.00%,2.97%,0.46%,1.37%,1.60%,0.00%,0.00%,0.00%,0.00%,0.00%,0.92%,1.14%,0.00%,0.00%
Eb:sus4,0.00%,0.00%,1.23%,0.00%,0.00%,0.00%,0.00%,0.00%,0.00%,0.00%,0.00%,9.82%,0.61%,0.61%,5.83%,0.31%,1.84%,1.84%,0.00%,0.00%,2.76%,0.31%,0.61%,0.00%,0.00%,0.00%,0.00%,0.00%,0.00%,0.92%,0.00%,0.00%,3.07%,0.92%,0.00%,0.00%,0.00%,0.61%,6.44%,0.00%,0.00%,0.31%,0.00%,0.92%,0.31%,0.00%,0.00%,0.00%,0.31%,0.00%,0.00%,2.15%,0.92%,0.00%,0.00%,0.00%,0.00%,0.00%,0.00%,0.00%,0.00%,0.00%,0.00%,0.00%,0.00%,0.00%,2.45%,0.00%,0.00%,0.00%,0.00%,0.00%,0.00%,1.53%,0.00%,23.93%,0.31%,0.00%,8.90%,2.15%,1.84%,2.15%,0.31%,0.00%,4.60%,0.00%,0.31%,0.00%,0.00%,0.00%,0.00%,0.31%,0.00%,0.00%,0.00%,0.92%,1.84%,0.61%,0.61%,0.31%,0.00%,0.31%,1.84%,0.00%,0.00%,0.92%,0.92%,0.00%,0.31%
F#:7,0.00%,0.00%,0.94%,0.00%,0.00%,0.94%,0.00%,0.00%,0.00%,0.94%,0.00%,0.94%,0.00%,0.00%,4.72%,0.94%,2.83%,0.00%,0.00%,0.00%,38.68%,0.00%,8.49%,2.83%,3.77%,4.72%,1.89%,0.00%,0.00%,0.00%,0.00%,0.00%,1.89%,0.00%,0.00%,0.00%,0.00%,0.00%,0.00%,0.00%,0.00%,1.89%,0.00%,1.89%,0.00%,0.00%,0.00%,0.00%,0.00%,0.00%,0.00%,0.00%,0.00%,0.00%,0.00%,0.00%,0.00%,0.00%,0.00%,1.89%,0.00%,0.00%,0.00%,0.00%,0.94%,0.00%,0.94%,0.00%,0.00%,0.94%,0.00%,0.94%,0.94%,0.00%,0.00%,0.00%,0.00%,0.00%,0.94%,0.00%,0.00%,0.00%,0.00%,0.00%,9.43%,0.00%,0.00%,0.94%,0.00%,0.00%,3.77%,0.00%,0.00%,0.00%,0.00%,0.00%,0.00%,0.00%,0.00%,0.00%,0.00%,0.00%,0.00%,0.00%,0.00%,0.00%,0.00%,0.00%,0.00%
F#:dim,0.00%,1.69%,0.00%,0.00%,0.00%,0.00%,0.00%,0.00%,0.00%,0.00%,0.00%,0.00%,0.00%,0.00%,0.00%,0.00%,0.00%,0.00%,5.08%,0.00%,27.12%,0.00%,0.00%,0.00%,0.00%,0.00%,0.00%,0.00%,0.00%,5.08%,0.00%,0.00%,0.00%,0.00%,0.00%,0.00%,0.00%,0.00%,0.00%,0.00%,0.00%,0.00%,0.00%,0.00%,0.00%,0.00%,0.00%,0.00%,3.39%,0.00%,0.00%,0.00%,0.00%,0.00%,0.00%,1.69%,0.00%,0.00%,0.00%,0.00%,11.86%,1.69%,0.00%,0.00%,0.00%,0.00%,1.69%,0.00%,0.00%,1.69%,0.00%,0.00%,0.00%,0.00%,0.00%,0.00%,0.00%,0.00%,0.00%,0.00%,0.00%,0.00%,0.00%,0.00%,0.00%,0.00%,0.00%,0.00%,0.00%,0.00%,0.00%,0.00%,0.00%,25.42%,0.00%,0.00%,0.00%,0.00%,0.00%,0.00%,0.00%,0.00%,6.78%,0.00%,0.00%,0.00%,0.00%,0.00%,6.78%
F#:maj,0.02%,0.02%,0.64%,0.05%,0.05%,0.00%,0.00%,0.00%,0.00%,0.93%,0.02%,12.21%,0.07%,0.00%,7.69%,1.40%,0.45%,0.57%,0.00%,0.00%,15.58%,0.05%,1.78%,3.66%,0.12%,1.42%,0.14%,0.17%,0.00%,0.59%,0.00%,0.00%,1.99%,0.90%,0.14%,0.12%,0.12%,0.00%,9.05%,0.02%,0.47%,1.31%,0.09%,0.36%,0.45%,0.00%,0.00%,0.07%,0.24%,0.00%,0.00%,0.17%,0.05%,0.00%,0.05%,0.00%,0.02%,0.52%,0.00%,0.12%,0.07%,0.00%,0.05%,0.00%,0.02%,0.07%,4.16%,0.19%,0.28%,0.07%,0.05%,0.07%,0.00%,0.12%,0.00%,1.35%,0.00%,0.00%,5.11%,0.43%,0.02%,0.12%,0.43%,0.00%,11.97%,0.14%,1.38%,0.52%,0.05%,1.59%,1.26%,0.02%,0.14%,0.62%,0.00%,0.00%,3.37%,0.47%,0.05%,0.36%,0.00%,0.09%,1.35%,0.00%,0.02%,0.00%,0.00%,0.07%,0.00%
F#:maj6,0.00%,0.00%,1.43%,0.00%,0.00%,0.00%,0.00%,0.00%,0.00%,0.00%,0.00%,7.14%,0.00%,0.00%,2.86%,0.00%,2.86%,8.57%,0.00%,0.00%,14.29%,0.00%,0.00%,0.00%,0.00%,0.00%,0.00%,0.00%,0.00%,0.00%,0.00%,0.00%,0.00%,0.00%,0.00%,0.00%,0.00%,0.00%,10.00%,0.00%,1.43%,0.00%,0.00%,0.00%,0.00%,0.00%,0.00%,0.00%,0.00%,0.00%,0.00%,0.00%,0.00%,0.00%,0.00%,0.00%,0.00%,1.43%,0.00%,0.00%,0.00%,0.00%,0.00%,0.00%,0.00%,0.00%,11.43%,0.00%,0.00%,0.00%,0.00%,1.43%,0.00%,0.00%,0.00%,1.43%,0.00%,0.00%,4.29%,0.00%,0.00%,0.00%,0.00%,0.00%,18.57%,1.43%,0.00%,0.00%,0.00%,1.43%,0.00%,0.00%,0.00%,7.14%,0.00%,0.00%,2.86%,0.00%,0.00%,0.00%,0.00%,0.00%,0.00%,0.00%,0.00%,0.00%,0.00%,0.00%,0.00%
F#:maj7,0.00%,0.00%,0.00%,0.00%,0.00%,0.00%,0.00%,0.00%,0.00%,5.64%,0.00%,9.02%,0.75%,0.00%,3.01%,0.38%,1.13%,0.75%,0.00%,0.38%,4.14%,0.00%,0.38%,0.00%,0.00%,0.00%,0.00%,0.00%,0.00%,1.50%,0.00%,0.00%,3.38%,0.38%,0.75%,1.13%,0.00%,0.00%,9.77%,0.00%,4.51%,0.38%,0.00%,1.13%,1.13%,0.00%,0.00%,0.00%,0.00%,0.00%,0.00%,0.00%,0.00%,0.00%,0.00%,0.00%,0.00%,0.00%,0.00%,0.00%,0.00%,0.00%,0.00%,0.00%,0.00%,0.00%,0.38%,0.00%,0.00%,0.00%,0.00%,0.00%,0.00%,1.50%,0.00%,5.64%,0.00%,0.00%,10.15%,7.89%,0.00%,1.50%,0.00%,0.00%,7.52%,2.63%,3.01%,0.00%,0.00%,1.50%,0.00%,0.00%,0.00%,0.38%,0.00%,0.00%,4.14%,2.26%,0.00%,0.00%,0.00%,0.38%,0.00%,0.00%,0.00%,1.50%,0.00%,0.00%,0.00%
F#:min,0.10%,0.00%,6.74%,0.07%,0.52%,0.48%,0.00%,0.10%,0.03%,0.14%,0.00%,0.69%,0.00%,0.00%,2.54%,0.41%,0.00%,0.28%,0.24%,0.00%,13.54%,0.03%,0.03%,18.60%,1.79%,1.44%,0.45%,0.00%,0.00%,0.00%,0.00%,0.00%,0.10%,0.00%,0.00%,0.00%,0.00%,0.00%,0.65%,0.00%,0.00%,4.85%,0.41%,0.07%,0.10%,0.00%,0.00%,0.00%,0.07%,0.00%,0.00%,0.00%,0.00%,0.00%,0.00%,0.00%,0.00%,10.14%,0.10%,0.38%,0.21%,0.00%,0.48%,0.00%,0.07%,0.00%,6.70%,0.10%,0.21%,3.23%,0.24%,0.17%,0.28%,0.00%,0.03%,0.03%,0.00%,0.00%,0.17%,0.00%,0.00%,0.00%,0.03%,0.03%,1.38%,0.03%,0.00%,11.79%,0.45%,0.83%,0.93%,0.00%,0.00%,0.17%,0.00%,0.00%,0.17%,0.00%,0.00%,0.00%,0.00%,0.00%,6.77%,0.00%,0.34%,0.03%,0.00%,0.00%,0.00%
F#:min7,0.00%,0.00%,5.74%,0.00%,1.64%,1.23%,0.00%,0.00%,0.00%,1.64%,0.00%,0.82%,0.00%,0.00%,2.05%,0.41%,0.00%,0.00%,2.46%,0.00%,5.33%,0.00%,0.00%,6.15%,1.23%,2.05%,0.82%,0.00%,0.00%,0.00%,0.00%,0.00%,0.00%,0.00%,0.00%,0.00%,0.00%,0.00%,0.00%,0.00%,0.00%,1.23%,3.69%,0.00%,0.41%,0.00%,0.00%,0.00%,0.41%,0.00%,0.00%,0.00%,0.00%,0.00%,0.00%,0.00%,0.00%,11.07%,0.41%,1.64%,0.00%,0.00%,2.87%,0.00%,0.00%,0.00%,4.92%,0.82%,0.00%,2.87%,0.82%,0.82%,2.05%,0.00%,1.23%,0.00%,0.00%,0.00%,0.00%,0.00%,0.00%,0.00%,0.41%,0.00%,0.82%,0.00%,0.00%,7.38%,4.92%,3.28%,1.64%,0.00%,0.82%,0.00%,0.00%,0.82%,0.00%,0.82%,0.00%,0.00%,0.00%,0.82%,10.66%,0.00%,0.82%,0.00%,0.00%,0.00%,0.00%
F#:sus2,0.00%,0.00%,1.69%,0.00%,1.97%,0.84%,0.00%,0.00%,0.00%,0.56%,0.00%,3.93%,0.00%,0.28%,3.09%,0.56%,1.97%,1.69%,0.00%,0.00%,7.30%,0.28%,0.56%,0.28%,0.00%,1.12%,0.28%,0.28%,0.00%,0.28%,0.00%,0.00%,2.25%,2.53%,0.00%,0.00%,0.28%,0.00%,14.04%,0.00%,0.00%,2.25%,1.97%,0.28%,0.28%,0.00%,0.00%,0.00%,0.00%,0.00%,0.00%,0.00%,0.28%,0.00%,0.00%,0.00%,0.00%,3.37%,0.00%,0.28%,0.00%,0.00%,0.00%,0.00%,0.00%,0.00%,2.25%,0.28%,0.28%,0.00%,0.00%,0.00%,0.28%,0.00%,0.00%,0.84%,0.00%,0.00%,1.97%,1.12%,0.56%,0.00%,0.56%,0.00%,19.38%,0.00%,0.00%,11.52%,1.69%,2.25%,1.69%,0.00%,0.00%,0.00%,0.00%,0.00%,0.28%,0.00%,0.00%,0.00%,0.00%,0.00%,0.28%,0.00%,0.00%,0.00%,0.00%,0.00%,0.00%
F#:sus4,0.00%,0.00%,0.65%,0.00%,0.33%,0.33%,0.00%,0.00%,0.00%,0.65%,0.00%,0.33%,0.00%,0.00%,2.61%,0.65%,0.00%,0.00%,0.65%,0.00%,10.75%,0.00%,0.33%,5.54%,0.00%,2.28%,0.98%,0.00%,0.00%,0.00%,0.00%,0.00%,0.33%,0.00%,0.00%,0.00%,0.00%,0.00%,1.63%,0.00%,0.33%,2.93%,0.33%,0.00%,0.00%,0.00%,0.00%,0.00%,0.00%,0.00%,0.33%,0.00%,0.00%,0.00%,0.00%,0.00%,0.00%,5.54%,0.65%,0.65%,0.00%,0.00%,0.98%,0.00%,0.00%,0.00%,6.51%,0.00%,0.65%,1.30%,0.00%,0.65%,0.00%,0.00%,0.00%,0.00%,0.00%,0.00%,0.33%,0.33%,0.00%,0.00%,0.00%,0.00%,29.32%,0.00%,0.00%,11.40%,1.95%,1.63%,3.26%,0.00%,0.00%,0.00%,0.00%,0.00%,0.00%,0.65%,0.00%,0.00%,0.00%,0.00%,1.30%,0.00%,0.98%,0.00%,0.00%,0.00%,0.00%
F:7,0.00%,0.00%,0.00%,0.00%,0.00%,0.00%,0.00%,0.00%,0.00%,0.00%,0.00%,2.78%,0.00%,0.00%,0.00%,0.00%,0.00%,0.00%,0.00%,0.00%,0.00%,0.00%,0.00%,0.00%,0.00%,0.00%,0.00%,0.00%,0.00%,36.11%,0.00%,1.85%,13.89%,0.00%,2.78%,2.78%,0.00%,0.93%,0.00%,0.00%,0.00%,0.00%,0.00%,0.00%,0.00%,0.00%,0.00%,0.00%,0.93%,0.00%,0.00%,0.93%,0.00%,0.00%,0.00%,0.00%,0.00%,0.00%,0.00%,0.00%,0.00%,0.93%,0.00%,0.00%,0.00%,0.00%,1.85%,0.00%,0.00%,0.00%,0.00%,0.00%,0.00%,0.00%,0.00%,2.78%,0.93%,0.00%,0.93%,0.00%,2.78%,0.00%,0.00%,0.00%,2.78%,0.00%,0.00%,0.00%,0.00%,0.00%,0.00%,5.56%,0.00%,12.04%,2.78%,0.00%,2.78%,0.00%,0.93%,0.00%,0.00%,0.00%,0.00%,0.00%,0.00%,0.00%,0.00%,0.00%,0.00%
F:dim,0.00%,0.00%,0.00%,0.00%,0.00%,0.00%,0.00%,3.12%,0.00%,0.00%,0.00%,0.00%,0.00%,0.00%,0.00%,0.00%,0.00%,0.00%,0.00%,0.00%,0.00%,0.00%,0.00%,0.00%,0.00%,0.00%,0.00%,0.00%,0.00%,25.00%,0.00%,0.00%,0.00%,0.00%,0.00%,0.00%,0.00%,0.00%,0.00%,0.00%,0.00%,25.00%,0.00%,0.00%,0.00%,0.00%,0.00%,0.00%,0.00%,0.00%,0.00%,0.00%,0.00%,0.00%,0.00%,0.00%,0.00%,6.25%,0.00%,0.00%,0.00%,0.00%,0.00%,0.00%,0.00%,0.00%,18.75%,0.00%,0.00%,0.00%,0.00%,0.00%,0.00%,0.00%,0.00%,0.00%,0.00%,0.00%,0.00%,0.00%,0.00%,0.00%,0.00%,0.00%,12.50%,0.00%,0.00%,3.12%,0.00%,0.00%,0.00%,0.00%,0.00%,3.12%,0.00%,0.00%,0.00%,0.00%,0.00%,0.00%,0.00%,0.00%,3.12%,0.00%,0.00%,0.00%,0.00%,0.00%,0.00%
F:maj,0.17%,0.00%,1.07%,0.00%,0.00%,2.71%,0.58%,0.04%,0.09%,0.00%,0.00%,0.68%,0.02%,0.04%,0.00%,0.00%,0.02%,0.00%,0.00%,0.32%,0.06%,0.00%,0.02%,0.23%,0.04%,0.00%,0.04%,0.09%,0.00%,15.06%,0.00%,0.96%,2.37%,0.17%,0.68%,0.30%,0.00%,0.09%,1.09%,0.00%,0.00%,0.00%,0.00%,0.09%,0.00%,0.13%,0.00%,0.00%,8.46%,0.04%,0.43%,0.98%,0.04%,0.28%,0.41%,0.19%,0.08%,1.92%,0.00%,0.00%,7.39%,0.70%,0.11%,0.17%,0.13%,0.13%,1.04%,0.00%,0.00%,4.26%,0.34%,0.00%,0.26%,0.00%,0.02%,4.37%,0.04%,0.15%,0.24%,0.00%,0.08%,0.00%,0.00%,0.08%,0.62%,0.00%,0.06%,0.00%,0.00%,0.00%,0.00%,0.28%,0.02%,11.40%,0.13%,1.47%,0.90%,0.08%,1.47%,0.47%,0.09%,0.00%,11.55%,0.04%,0.06%,9.55%,0.77%,0.68%,0.85%
F:maj6,0.00%,0.00%,0.00%,0.00%,0.00%,1.41%,0.00%,0.00%,0.00%,0.00%,0.00%,1.41%,0.00%,0.00%,0.00%,0.00%,0.00%,0.00%,0.00%,0.00%,0.00%,0.00%,0.00%,0.00%,0.00%,0.00%,0.00%,0.00%,0.00%,5.63%,0.00%,0.00%,0.00%,0.00%,2.82%,0.00%,0.00%,0.00%,0.00%,0.00%,0.00%,0.00%,0.00%,1.41%,0.00%,2.82%,0.00%,0.00%,2.82%,0.00%,2.82%,0.00%,0.00%,0.00%,0.00%,0.00%,0.00%,1.41%,0.00%,0.00%,2.82%,0.00%,0.00%,0.00%,0.00%,0.00%,0.00%,0.00%,0.00%,0.00%,2.82%,0.00%,0.00%,0.00%,0.00%,14.08%,0.00%,2.82%,0.00%,0.00%,0.00%,0.00%,0.00%,0.00%,0.00%,0.00%,0.00%,0.00%,0.00%,0.00%,0.00%,0.00%,0.00%,18.31%,4.23%,0.00%,2.82%,0.00%,5.63%,1.41%,5.63%,0.00%,1.41%,0.00%,0.00%,7.04%,4.23%,4.23%,0.00%
F:maj7,0.00%,0.00%,2.13%,0.00%,0.00%,2.48%,4.61%,0.35%,1.42%,0.00%,0.00%,0.00%,0.00%,0.00%,0.00%,0.00%,0.00%,0.00%,0.00%,0.71%,0.00%,0.00%,0.00%,0.00%,0.00%,0.00%,0.00%,0.00%,0.00%,8.87%,0.00%,1.77%,0.00%,0.00%,0.35%,0.00%,0.00%,0.00%,0.35%,0.00%,0.00%,0.00%,0.00%,0.00%,0.00%,0.00%,0.00%,0.00%,8.51%,0.35%,1.42%,0.00%,0.00%,1.06%,0.00%,0.00%,0.00%,1.42%,0.00%,0.00%,10.64%,3.90%,0.35%,0.00%,0.00%,0.00%,1.77%,0.00%,0.00%,3.55%,2.48%,0.00%,1.06%,0.00%,0.00%,0.00%,0.00%,0.35%,0.00%,0.35%,0.00%,0.00%,0.00%,0.00%,0.35%,0.00%,0.00%,0.35%,0.00%,0.00%,0.00%,0.35%,0.00%,14.18%,0.00%,5.32%,0.00%,1.06%,3.55%,0.71%,1.06%,0.00%,7.09%,0.35%,0.00%,1.42%,0.71%,1.06%,2.13%
F:min,0.00%,0.00%,0.00%,0.00%,0.00%,0.20%,0.00%,0.00%,0.00%,0.07%,0.00%,5.33%,0.10%,0.94%,0.07%,0.00%,0.13%,0.20%,0.00%,0.03%,0.00%,0.00%,0.00%,0.00%,0.00%,0.00%,0.00%,0.20%,0.00%,12.46%,0.00%,0.00%,16.52%,0.80%,0.67%,0.27%,0.10%,0.00%,8.94%,0.00%,0.30%,0.30%,0.07%,0.10%,0.00%,0.03%,0.17%,0.00%,1.64%,0.00%,0.13%,5.86%,0.27%,0.17%,0.47%,0.00%,0.03%,0.03%,0.00%,0.00%,0.07%,0.00%,0.00%,0.00%,0.00%,0.00%,0.00%,0.00%,0.00%,0.27%,0.00%,0.00%,0.00%,0.10%,0.00%,7.87%,0.47%,0.03%,2.58%,0.57%,0.57%,0.34%,0.00%,0.00%,5.49%,0.03%,0.10%,0.10%,0.00%,0.07%,0.00%,0.13%,0.07%,2.45%,0.00%,0.03%,12.46%,1.31%,2.08%,0.87%,0.13%,0.07%,1.24%,0.00%,0.00%,3.45%,0.13%,0.00%,0.30%
F:min7,0.00%,0.00%,0.00%,0.00%,0.00%,0.00%,0.00%,0.00%,0.00%,0.00%,0.00%,7.64%,0.00%,1.35%,0.00%,0.00%,1.12%,0.67%,0.00%,0.00%,0.00%,0.00%,0.00%,0.00%,0.00%,0.00%,0.00%,0.00%,0.00%,7.64%,0.45%,0.00%,8.54%,5.39%,1.57%,4.27%,0.00%,0.00%,11.01%,0.00%,1.12%,0.22%,0.00%,0.00%,0.00%,0.00%,0.00%,0.00%,0.00%,0.00%,0.00%,1.80%,1.35%,0.00%,1.12%,0.00%,0.45%,0.00%,0.00%,0.00%,0.45%,0.00%,0.00%,0.00%,0.00%,0.00%,0.00%,0.00%,0.00%,0.00%,0.00%,0.00%,0.00%,0.45%,0.00%,7.42%,0.90%,0.22%,2.02%,0.90%,1.35%,0.45%,0.00%,0.00%,11.46%,0.00%,0.67%,0.00%,0.00%,0.67%,0.00%,0.22%,0.00%,0.45%,0.00%,0.22%,7.19%,2.70%,2.02%,2.02%,0.45%,0.00%,0.45%,0.00%,0.00%,0.67%,0.90%,0.00%,0.00%
F:sus2,0.43%,0.22%,0.22%,0.00%,0.00%,0.22%,3.46%,0.00%,0.00%,0.00%,0.00%,1.73%,0.00%,1.08%,0.00%,0.00%,0.43%,0.00%,0.00%,0.00%,0.00%,0.00%,0.00%,0.00%,0.00%,0.00%,0.00%,0.22%,0.00%,7.14%,0.00%,1.52%,0.43%,0.00%,1.30%,0.00%,0.00%,0.00%,3.90%,0.00%,0.22%,0.00%,0.00%,0.43%,0.00%,0.00%,0.00%,0.00%,5.84%,0.00%,0.43%,1.95%,0.00%,0.87%,0.43%,0.00%,0.00%,0.87%,0.00%,0.00%,1.52%,1.08%,0.43%,0.22%,0.00%,0.00%,0.65%,0.00%,0.00%,1.08%,0.00%,0.00%,0.00%,0.00%,0.00%,1.95%,0.00%,0.22%,0.00%,0.00%,0.43%,0.00%,0.00%,0.00%,0.00%,0.00%,0.00%,0.00%,0.00%,0.00%,0.00%,0.22%,0.00%,22.51%,1.08%,1.30%,14.72%,1.73%,2.38%,2.16%,0.65%,0.00%,3.68%,0.00%,0.00%,4.55%,0.65%,1.73%,1.73%
F:sus4,0.00%,0.97%,0.00%,0.00%,0.00%,0.65%,0.00%,0.00%,0.00%,0.00%,0.00%,2.60%,0.00%,0.00%,0.00%,0.00%,0.00%,0.00%,0.00%,0.00%,0.32%,0.00%,0.00%,0.00%,0.00%,0.00%,0.00%,0.00%,0.00%,13.96%,0.00%,1.95%,4.87%,0.97%,2.27%,0.32%,0.00%,0.00%,6.17%,0.00%,0.65%,0.00%,0.00%,0.97%,0.00%,0.00%,0.00%,0.00%,1.30%,0.00%,0.00%,1.30%,1.30%,0.00%,0.32%,0.00%,0.00%,0.00%,0.00%,0.00%,3.57%,0.32%,0.00%,0.00%,0.00%,0.00%,0.00%,0.00%,0.00%,0.00%,0.00%,0.00%,0.00%,0.00%,0.00%,6.17%,0.00%,0.32%,1.30%,0.00%,0.32%,0.65%,0.00%,0.00%,1.62%,0.00%,0.00%,0.00%,0.00%,0.00%,0.00%,0.65%,0.32%,19.16%,0.32%,0.00%,11.36%,1.30%,3.57%,5.19%,0.00%,0.00%,0.00%,0.00%,0.00%,0.97%,1.62%,0.32%,0.00%
G:7,0.00%,0.00%,1.61%,0.00%,0.00%,5.65%,0.00%,0.00%,0.00%,0.00%,0.00%,0.00%,0.00%,0.00%,0.00%,0.00%,0.00%,0.00%,0.00%,0.00%,0.00%,0.00%,0.00%,0.00%,0.00%,0.00%,0.00%,0.00%,0.00%,0.00%,0.00%,0.00%,0.00%,0.00%,0.00%,0.00%,0.00%,0.00%,0.00%,0.00%,0.00%,0.00%,0.00%,0.00%,0.00%,1.61%,0.00%,0.00%,49.19%,0.00%,2.42%,2.42%,1.61%,0.81%,3.23%,0.00%,0.00%,0.81%,0.00%,0.00%,1.61%,0.00%,0.81%,1.61%,0.00%,8.06%,0.81%,0.00%,0.00%,1.61%,2.42%,0.00%,0.00%,0.00%,0.00%,0.00%,0.00%,0.81%,0.00%,0.00%,0.00%,0.00%,0.00%,0.00%,0.00%,0.00%,0.00%,0.00%,0.00%,0.00%,0.00%,0.00%,0.00%,3.23%,0.00%,2.42%,0.81%,0.00%,0.00%,0.00%,1.61%,0.00%,4.03%,0.00%,0.00%,0.00%,0.00%,0.00%,0.81%
G:dim,0.00%,0.00%,0.00%,0.00%,0.00%,0.00%,0.00%,0.00%,0.00%,0.00%,0.00%,10.81%,0.00%,0.00%,0.00%,2.70%,0.00%,2.70%,0.00%,0.00%,2.70%,0.00%,0.00%,0.00%,0.00%,0.00%,0.00%,0.00%,0.00%,0.00%,0.00%,0.00%,0.00%,0.00%,0.00%,0.00%,0.00%,0.00%,0.00%,0.00%,0.00%,0.00%,2.70%,0.00%,0.00%,2.70%,0.00%,0.00%,8.11%,0.00%,0.00%,8.11%,0.00%,0.00%,0.00%,0.00%,0.00%,0.00%,0.00%,0.00%,0.00%,0.00%,0.00%,0.00%,0.00%,0.00%,13.51%,0.00%,0.00%,0.00%,0.00%,0.00%,0.00%,2.70%,0.00%,0.00%,0.00%,0.00%,5.41%,0.00%,2.70%,5.41%,0.00%,0.00%,10.81%,0.00%,0.00%,0.00%,0.00%,0.00%,0.00%,0.00%,0.00%,5.41%,0.00%,0.00%,2.70%,0.00%,0.00%,0.00%,0.00%,10.81%,0.00%,0.00%,0.00%,0.00%,0.00%,0.00%,0.00%
G:maj,0.47%,0.00%,11.47%,0.00%,0.00%,9.61%,1.09%,0.65%,0.70%,0.00%,0.08%,0.99%,0.00%,0.07%,0.00%,0.00%,0.00%,0.00%,0.03%,0.05%,0.95%,0.00%,0.02%,2.81%,0.82%,0.00%,0.11%,0.00%,0.02%,0.54%,0.02%,0.15%,0.05%,0.00%,0.00%,0.00%,0.07%,0.13%,0.11%,0.00%,0.00%,0.08%,0.00%,0.00%,0.02%,0.08%,0.00%,0.00%,16.87%,0.03%,0.85%,3.88%,0.05%,1.68%,0.26%,0.07%,0.00%,7.00%,0.03%,0.15%,1.06%,0.05%,0.21%,0.24%,0.05%,0.00%,1.26%,0.00%,0.00%,7.68%,0.73%,0.03%,0.26%,0.00%,0.00%,0.49%,0.00%,0.02%,0.00%,0.00%,0.00%,0.00%,0.00%,0.41%,0.78%,0.00%,0.00%,2.56%,0.08%,0.00%,0.13%,0.00%,0.00%,4.81%,0.03%,0.23%,0.24%,0.05%,0.18%,0.05%,0.52%,0.02%,10.88%,0.11%,1.24%,0.65%,0.11%,1.45%,1.34%
G:maj6,0.00%,0.00%,0.00%,0.00%,0.00%,3.39%,0.00%,0.00%,1.69%,0.00%,0.00%,0.00%,0.00%,0.00%,0.00%,0.00%,0.00%,0.00%,0.00%,0.00%,1.69%,0.00%,0.00%,0.00%,0.00%,0.00%,0.00%,0.00%,0.00%,0.00%,0.00%,0.00%,0.00%,0.00%,0.00%,0.00%,0.00%,0.00%,0.00%,0.00%,0.00%,0.00%,0.00%,0.00%,0.00%,0.00%,0.00%,0.00%,13.56%,0.00%,3.39%,0.00%,0.00%,3.39%,0.00%,3.39%,0.00%,8.47%,0.00%,0.00%,0.00%,0.00%,0.00%,0.00%,0.00%,0.00%,1.69%,0.00%,0.00%,0.00%,0.00%,0.00%,0.00%,0.00%,0.00%,0.00%,0.00%,0.00%,0.00%,0.00%,0.00%,0.00%,0.00%,0.00%,0.00%,0.00%,0.00%,0.00%,1.69%,0.00%,0.00%,0.00%,0.00%,23.73%,0.00%,0.00%,0.00%,0.00%,0.00%,0.00%,0.00%,0.00%,23.73%,0.00%,0.00%,1.69%,0.00%,3.39%,5.08%
G:maj7,0.81%,0.00%,6.45%,0.40%,0.00%,0.81%,0.00%,0.40%,2.02%,0.00%,0.00%,0.00%,0.00%,0.00%,0.40%,0.00%,0.00%,0.40%,0.00%,0.00%,0.40%,0.00%,0.40%,3.23%,4.84%,0.00%,0.40%,0.00%,0.00%,0.00%,0.00%,0.40%,0.00%,0.00%,0.00%,0.00%,0.00%,0.40%,0.00%,0.00%,0.00%,0.40%,0.00%,0.00%,0.00%,0.00%,0.00%,0.00%,8.06%,0.00%,0.81%,0.81%,0.00%,0.40%,0.00%,0.00%,0.00%,6.45%,0.00%,0.81%,0.40%,0.00%,0.81%,0.40%,0.00%,0.00%,1.61%,0.00%,0.00%,17.34%,5.65%,0.00%,1.21%,0.00%,0.00%,0.00%,0.00%,0.00%,0.00%,0.00%,0.00%,0.00%,0.40%,0.00%,0.81%,0.00%,0.00%,3.23%,0.81%,0.00%,1.21%,0.00%,0.00%,1.21%,0.00%,0.00%,0.00%,0.00%,0.81%,0.00%,0.81%,0.00%,12.50%,0.40%,6.85%,0.40%,0.00%,1.61%,2.02%
G:min,0.06%,0.03%,1.51%,0.00%,0.00%,3.98%,0.60%,0.03%,0.30%,0.00%,0.03%,4.22%,0.00%,0.24%,0.12%,0.00%,0.24%,0.00%,0.00%,0.00%,0.06%,0.00%,0.00%,0.09%,0.00%,0.00%,0.00%,0.03%,0.03%,5.01%,0.27%,0.72%,0.06%,0.00%,0.09%,0.00%,0.00%,0.03%,0.42%,0.00%,0.00%,0.00%,0.00%,0.00%,0.00%,0.18%,0.00%,0.00%,12.94%,0.06%,0.00%,17.55%,0.75%,1.81%,0.78%,0.06%,0.00%,1.39%,0.00%,0.00%,4.70%,0.54%,0.03%,0.21%,0.00%,0.06%,0.00%,0.00%,0.00%,0.06%,0.00%,0.00%,0.00%,0.00%,0.00%,12.30%,0.00%,0.75%,0.15%,0.00%,0.39%,0.12%,0.00%,0.09%,0.06%,0.00%,0.12%,0.06%,0.00%,0.00%,0.00%,0.06%,0.00%,7.75%,0.42%,0.06%,2.44%,0.06%,0.30%,0.12%,0.00%,0.06%,1.57%,0.00%,0.03%,9.71%,1.27%,1.60%,1.18%
G:min7,0.00%,0.00%,1.22%,0.00%,0.00%,0.00%,0.98%,0.24%,0.00%,0.00%,0.00%,1.47%,0.00%,0.49%,0.00%,0.00%,0.00%,0.00%,0.00%,0.24%,0.00%,0.00%,0.00%,0.00%,0.00%,0.00%,0.00%,0.00%,0.00%,4.40%,0.00%,1.71%,0.73%,0.00%,0.73%,0.00%,0.00%,0.00%,0.24%,0.00%,0.49%,0.00%,0.00%,0.24%,0.00%,0.73%,0.00%,0.00%,6.60%,0.00%,0.00%,12.71%,5.62%,2.44%,2.44%,0.00%,0.00%,0.24%,0.00%,0.00%,1.47%,1.47%,0.00%,1.96%,0.00%,0.49%,0.00%,0.00%,0.00%,0.00%,0.00%,0.00%,0.00%,0.00%,0.00%,12.22%,0.00%,1.22%,0.00%,0.00%,1.47%,0.98%,0.00%,0.00%,0.49%,0.24%,0.00%,0.00%,0.49%,0.00%,0.00%,0.49%,0.00%,8.07%,0.00%,0.00%,0.98%,0.24%,0.24%,1.22%,0.00%,0.00%,0.49%,0.00%,0.00%,8.80%,6.60%,2.93%,3.42%
G:sus2,2.94%,0.00%,1.83%,0.00%,0.00%,2.57%,1.28%,0.73%,0.55%,0.00%,0.00%,0.18%,0.00%,0.00%,0.00%,0.00%,0.00%,0.00%,0.18%,0.00%,1.28%,0.00%,0.00%,2.75%,2.20%,0.00%,0.92%,0.00%,0.00%,2.57%,0.37%,4.59%,0.00%,0.00%,0.00%,0.00%,0.00%,0.37%,0.00%,0.00%,0.00%,0.00%,0.00%,0.00%,0.00%,0.00%,0.00%,0.00%,4.59%,1.10%,0.37%,0.55%,0.55%,1.47%,0.55%,0.55%,0.00%,4.40%,0.00%,0.92%,0.55%,1.28%,0.00%,0.92%,0.00%,0.00%,0.00%,0.00%,0.00%,2.57%,1.28%,0.55%,0.37%,0.00%,0.00%,2.57%,0.00%,0.18%,0.00%,0.00%,0.18%,0.00%,0.00%,0.00%,0.37%,0.00%,0.00%,0.55%,0.00%,0.00%,0.00%,0.00%,0.00%,2.02%,0.00%,0.55%,0.00%,0.00%,0.92%,0.00%,0.73%,0.00%,18.90%,0.37%,1.28%,9.54%,2.57%,6.42%,4.95%
G:sus4,0.00%,0.00%,0.00%,0.00%,0.00%,3.02%,1.08%,0.22%,0.00%,0.00%,0.00%,3.02%,0.00%,0.22%,0.00%,0.00%,0.00%,0.00%,0.00%,0.22%,0.00%,0.00%,0.00%,0.22%,0.65%,0.00%,0.00%,0.00%,0.00%,1.08%,0.00%,0.22%,0.00%,0.00%,0.00%,0.00%,0.00%,0.00%,0.00%,0.00%,0.00%,0.00%,0.00%,0.00%,0.00%,0.00%,0.00%,0.00%,21.38%,0.00%,1.30%,4.10%,0.43%,1.51%,1.73%,0.00%,0.00%,1.73%,0.00%,0.00%,0.22%,0.22%,0.22%,0.65%,0.22%,0.00%,0.43%,0.00%,0.00%,2.16%,1.30%,0.00%,0.00%,0.00%,0.00%,1.94%,0.00%,0.43%,0.00%,0.00%,0.00%,0.00%,0.00%,0.00%,0.00%,0.00%,0.00%,0.00%,0.00%,0.00%,0.00%,0.00%,0.00%,3.24%,0.65%,0.86%,0.43%,0.00%,0.00%,0.22%,0.22%,0.00%,22.89%,0.65%,0.00%,5.40%,2.59%,5.62%,7.34%
