,A:7,A:dim,A:maj,A:maj6,A:maj7,A:min,A:min7,A:sus2,A:sus4,Ab:7,Ab:dim,Ab:maj,Ab:maj6,Ab:maj7,Ab:min,Ab:min7,Ab:sus2,Ab:sus4,B:7,B:dim,B:maj,B:maj6,B:maj7,B:min,B:min7,B:sus2,B:sus4,Bb:7,Bb:dim,Bb:maj,Bb:maj6,Bb:maj7,Bb:min,Bb:min7,Bb:sus2,Bb:sus4,C#:7,C#:dim,C#:maj,C#:maj6,C#:maj7,C#:min,C#:min7,C#:sus2,C#:sus4,C:7,C:aug,C:dim,C:maj,C:maj6,C:maj7,C:min,C:min7,C:sus2,C:sus4,D:7,D:dim,D:maj,D:maj6,D:maj7,D:min,D:min7,D:sus2,D:sus4,E:7,E:dim,E:maj,E:maj6,E:maj7,E:min,E:min7,E:sus2,E:sus4,Eb:7,Eb:dim,Eb:maj,Eb:maj6,Eb:maj7,Eb:min,Eb:min7,Eb:sus2,Eb:sus4,F#:7,F#:dim,F#:maj,F#:maj6,F#:maj7,F#:min,F#:min7,F#:sus2,F#:sus4,F:7,F:dim,F:maj,F:maj6,F:maj7,F:min,F:min7,F:sus2,F:sus4,G:7,G:dim,G:maj,G:maj6,G:maj7,G:min,G:min7,G:sus2,G:sus4,end_chord,start_chord
A:7,1.55%,0.00%,6.21%,0.00%,0.00%,1.92%,0.57%,0.00%,0.63%,0.00%,0.66%,0.00%,0.00%,0.00%,0.00%,0.00%,0.00%,0.00%,0.00%,0.00%,0.00%,0.00%,0.00%,0.48%,0.60%,0.42%,0.00%,0.00%,1.31%,4.27%,0.00%,0.00%,0.00%,0.00%,0.00%,0.00%,0.00%,3.02%,0.00%,0.00%,0.00%,0.00%,0.00%,0.00%,0.00%,0.00%,0.00%,0.00%,0.00%,0.00%,0.00%,0.00%,0.00%,0.00%,0.00%,0.00%,0.00%,22.62%,0.00%,1.18%,12.95%,1.86%,1.05%,1.91%,0.00%,0.54%,9.17%,0.00%,0.00%,0.00%,2.70%,0.00%,0.00%,0.00%,0.00%,0.00%,0.00%,0.00%,0.00%,0.00%,0.00%,0.00%,0.00%,0.00%,1.22%,0.00%,0.00%,11.94%,0.00%,0.00%,0.00%,0.00%,0.00%,1.81%,0.00%,0.00%,0.00%,0.00%,0.00%,0.00%,0.53%,0.00%,6.39%,0.00%,0.00%,1.94%,0.00%,0.00%,0.53%,0.00%,0.00%
A:dim,0.00%,12.99%,0.00%,0.00%,1.23%,0.00%,0.00%,0.00%,0.00%,0.00%,0.00%,8.38%,0.00%,5.87%,0.00%,1.69%,0.00%,0.00%,0.00%,0.00%,3.66%,0.00%,0.00%,0.00%,0.00%,0.00%,0.00%,0.00%,0.00%,18.74%,0.00%,0.00%,7.69%,0.00%,0.00%,0.00%,0.00%,0.00%,0.00%,0.00%,0.00%,0.00%,0.00%,0.00%,0.00%,0.00%,0.00%,0.00%,2.66%,0.00%,0.00%,5.37%,0.00%,0.00%,0.00%,5.99%,0.00%,13.58%,0.00%,0.00%,0.00%,0.00%,0.00%,2.36%,0.00%,0.00%,2.57%,0.00%,0.00%,0.00%,0.00%,0.00%,0.00%,0.00%,0.00%,0.00%,0.00%,0.00%,0.00%,0.00%,0.00%,0.00%,0.00%,0.00%,0.00%,0.00%,0.00%,0.00%,0.00%,2.68%,0.00%,0.00%,0.00%,2.27%,0.00%,0.00%,2.27%,0.00%,0.00%,0.00%,0.00%,0.00%,0.00%,0.00%,0.00%,0.00%,0.00%,0.00%,0.00%,0.00%,0.00%
A:maj,0.41%,0.00%,9.48%,0.09%,0.76%,1.32%,0.17%,1.39%,0.66%,0.05%,0.22%,1.09%,0.00%,0.00%,2.88%,0.70%,0.00%,0.17%,0.29%,0.02%,9.62%,0.03%,0.05%,9.95%,0.89%,1.09%,0.45%,0.00%,0.14%,1.22%,0.00%,0.07%,0.04%,0.00%,0.00%,0.00%,0.17%,0.02%,0.17%,0.00%,0.00%,3.45%,0.31%,0.00%,0.05%,0.00%,0.00%,0.04%,1.42%,0.00%,0.00%,0.09%,0.00%,0.07%,0.00%,0.04%,0.00%,15.26%,0.05%,0.83%,3.25%,0.17%,1.63%,0.16%,0.06%,0.00%,9.06%,0.24%,0.14%,1.52%,0.21%,0.08%,0.31%,0.00%,0.12%,0.04%,0.00%,0.00%,0.00%,0.01%,0.00%,0.00%,0.00%,0.06%,1.14%,0.00%,0.00%,8.88%,0.55%,0.04%,0.15%,0.00%,0.00%,0.61%,0.02%,0.05%,0.00%,0.00%,0.02%,0.00%,0.00%,0.00%,4.95%,0.07%,0.06%,0.26%,0.00%,0.18%,0.00%,0.72%,0.00%
A:maj6,0.00%,0.00%,12.79%,0.00%,0.00%,0.00%,0.00%,0.00%,1.80%,0.00%,0.00%,0.00%,0.00%,0.00%,2.91%,7.10%,0.00%,0.00%,0.00%,0.00%,3.74%,0.00%,0.00%,6.43%,2.16%,0.00%,6.53%,0.00%,0.00%,0.00%,0.00%,0.00%,0.00%,0.00%,0.00%,0.00%,0.00%,0.00%,0.00%,0.00%,0.00%,0.00%,1.97%,0.00%,0.00%,0.00%,0.00%,0.00%,0.00%,0.00%,0.00%,0.00%,0.00%,0.00%,0.00%,0.00%,0.00%,9.70%,0.00%,0.00%,0.00%,0.00%,7.10%,0.00%,0.00%,0.00%,2.75%,0.00%,3.12%,3.12%,0.00%,3.95%,0.00%,0.00%,0.00%,0.00%,0.00%,0.00%,0.00%,0.00%,0.00%,0.00%,0.00%,0.00%,0.00%,0.00%,0.00%,0.00%,1.97%,0.00%,0.00%,0.00%,0.00%,0.00%,0.00%,0.00%,0.00%,0.00%,0.00%,0.00%,0.00%,0.00%,20.40%,0.00%,2.48%,0.00%,0.00%,0.00%,0.00%,0.00%,0.00%
A:maj7,0.00%,0.26%,7.95%,0.84%,1.01%,0.95%,0.37%,1.72%,0.00%,0.00%,0.00%,0.00%,0.00%,0.00%,3.83%,2.51%,0.00%,0.40%,1.99%,0.00%,18.41%,0.44%,0.00%,0.00%,0.00%,1.07%,4.58%,0.00%,0.00%,0.00%,0.00%,0.00%,1.22%,0.00%,0.00%,0.00%,0.36%,0.00%,0.36%,0.00%,0.00%,4.25%,1.23%,0.00%,0.00%,0.00%,0.00%,0.00%,0.00%,1.05%,0.00%,0.00%,0.00%,0.00%,0.00%,0.00%,0.00%,7.69%,0.00%,0.00%,0.00%,0.00%,0.00%,0.00%,0.00%,0.00%,9.26%,0.00%,0.00%,0.00%,0.00%,0.26%,0.00%,0.00%,0.00%,0.00%,0.00%,0.00%,0.00%,0.00%,0.00%,0.00%,0.00%,0.00%,4.15%,0.00%,0.00%,20.52%,0.43%,1.32%,0.87%,0.00%,0.00%,0.00%,0.00%,0.00%,0.00%,0.00%,0.00%,0.00%,0.00%,0.00%,0.00%,0.00%,0.00%,0.00%,0.00%,0.00%,0.00%,0.69%,0.00%
A:min,0.14%,0.00%,1.15%,0.00%,0.02%,12.95%,1.72%,1.67%,0.74%,0.00%,0.03%,0.10%,0.00%,0.00%,0.06%,0.23%,0.00%,0.00%,0.07%,0.23%,1.75%,0.00%,0.00%,1.65%,0.15%,0.06%,0.19%,0.04%,0.00%,4.73%,0.00%,0.10%,0.04%,0.00%,0.05%,0.00%,0.00%,0.03%,0.02%,0.00%,0.00%,0.00%,0.03%,0.00%,0.00%,0.10%,0.00%,0.00%,5.82%,0.03%,0.64%,0.16%,0.00%,0.12%,0.04%,0.83%,0.00%,13.18%,0.00%,0.00%,15.61%,0.62%,1.39%,0.85%,0.02%,0.00%,1.65%,0.00%,0.00%,7.71%,0.56%,0.04%,0.17%,0.00%,0.00%,0.04%,0.00%,0.00%,0.00%,0.00%,0.00%,0.00%,0.00%,0.10%,0.02%,0.00%,0.00%,0.00%,0.18%,0.00%,0.00%,0.03%,0.02%,8.18%,0.00%,0.50%,0.22%,0.00%,0.06%,0.00%,0.00%,0.00%,9.57%,0.27%,0.00%,2.42%,0.06%,0.09%,0.18%,0.61%,0.00%
A:min7,0.58%,0.00%,0.46%,0.19%,0.00%,14.00%,3.24%,1.68%,1.50%,0.00%,0.00%,0.00%,0.00%,0.00%,0.00%,0.00%,0.00%,0.00%,0.20%,0.00%,0.54%,0.00%,0.00%,0.78%,1.74%,0.00%,0.21%,0.00%,0.00%,2.28%,0.42%,2.00%,0.00%,0.00%,0.21%,0.00%,0.00%,0.00%,1.01%,0.00%,0.00%,0.00%,0.00%,0.00%,0.00%,0.00%,0.00%,0.00%,3.33%,0.00%,1.06%,0.11%,0.00%,1.30%,0.28%,1.64%,0.00%,11.79%,0.00%,0.00%,9.65%,3.18%,1.72%,3.22%,0.00%,0.00%,0.20%,0.00%,0.00%,5.83%,1.96%,0.00%,0.19%,0.00%,0.00%,0.39%,0.00%,0.00%,0.00%,0.00%,0.00%,0.00%,0.00%,0.41%,0.00%,0.00%,0.00%,0.00%,0.00%,0.00%,0.00%,0.00%,0.00%,7.78%,0.00%,0.24%,0.00%,0.00%,1.11%,0.30%,0.00%,0.00%,6.81%,1.15%,0.70%,3.03%,0.84%,0.20%,0.34%,0.20%,0.00%
A:sus2,0.00%,0.00%,20.61%,0.32%,2.88%,10.56%,1.85%,2.78%,0.88%,0.49%,0.22%,0.00%,0.00%,0.00%,0.71%,0.43%,0.00%,0.00%,0.45%,0.18%,1.49%,0.00%,0.00%,2.40%,1.90%,1.86%,1.17%,0.00%,0.48%,0.00%,0.00%,0.00%,0.00%,0.00%,0.00%,0.00%,0.11%,0.24%,2.18%,0.00%,0.22%,0.81%,2.23%,0.19%,0.20%,0.00%,0.00%,0.00%,5.85%,0.41%,4.78%,0.86%,0.00%,0.44%,0.12%,0.35%,0.00%,7.15%,0.00%,0.32%,2.91%,0.19%,0.81%,0.31%,0.00%,0.00%,4.69%,0.73%,0.00%,1.51%,0.19%,0.17%,0.82%,0.00%,0.00%,0.00%,0.00%,0.00%,0.24%,0.00%,0.00%,0.00%,0.00%,0.00%,0.00%,0.00%,0.00%,0.51%,0.64%,0.34%,0.50%,0.00%,0.00%,3.06%,0.00%,0.31%,0.00%,0.00%,0.00%,0.00%,0.00%,0.00%,1.87%,0.00%,0.00%,0.00%,0.00%,0.46%,0.00%,1.59%,0.00%
A:sus4,1.23%,0.00%,25.01%,0.00%,0.26%,12.44%,1.71%,2.24%,5.94%,0.00%,0.46%,0.00%,0.00%,0.00%,0.00%,0.00%,0.00%,0.00%,0.27%,0.00%,0.42%,0.00%,0.00%,1.49%,0.66%,0.00%,0.00%,0.00%,0.00%,0.00%,0.00%,0.00%,0.00%,0.00%,0.00%,0.00%,0.00%,0.00%,0.25%,0.00%,0.00%,0.00%,0.00%,0.00%,0.00%,0.00%,0.00%,0.00%,1.93%,0.00%,1.58%,0.00%,0.00%,0.00%,0.00%,0.00%,0.00%,12.60%,0.00%,0.24%,5.83%,2.04%,2.46%,1.33%,0.00%,0.00%,0.00%,0.00%,0.00%,1.22%,0.63%,0.00%,1.40%,0.00%,0.00%,0.00%,0.00%,0.00%,0.00%,0.00%,0.00%,0.00%,0.00%,0.00%,0.00%,0.00%,0.00%,2.78%,0.24%,0.00%,0.00%,0.00%,0.00%,1.82%,0.00%,0.81%,0.00%,0.00%,0.00%,0.00%,0.34%,0.00%,5.57%,0.37%,0.39%,1.83%,0.55%,0.00%,0.73%,0.93%,0.00%
Ab:7,0.00%,0.00%,0.64%,0.00%,0.00%,0.00%,0.00%,0.00%,0.00%,1.03%,0.00%,1.18%,0.00%,0.00%,1.16%,0.32%,1.43%,0.00%,0.00%,0.00%,4.20%,0.00%,0.00%,0.00%,0.00%,0.00%,0.00%,0.00%,0.00%,0.00%,0.00%,0.00%,4.81%,1.30%,0.00%,0.00%,0.87%,0.00%,16.56%,0.00%,1.65%,17.07%,0.00%,5.26%,0.62%,0.00%,0.00%,0.47%,0.00%,0.00%,0.00%,0.94%,0.00%,0.00%,0.00%,0.00%,0.00%,0.00%,0.00%,0.00%,0.00%,0.00%,0.00%,0.00%,0.00%,0.00%,1.10%,0.00%,0.39%,0.00%,0.00%,0.99%,0.00%,0.00%,0.00%,0.00%,0.00%,0.00%,1.76%,0.00%,0.00%,0.00%,0.00%,0.00%,5.72%,0.00%,1.11%,0.00%,0.00%,0.99%,0.00%,0.00%,0.00%,1.74%,0.00%,0.00%,4.22%,20.74%,0.00%,1.74%,0.00%,0.00%,0.00%,0.00%,0.00%,0.00%,0.00%,0.00%,0.00%,0.00%,0.00%
Ab:dim,0.00%,0.00%,11.63%,0.00%,0.00%,5.33%,3.09%,1.06%,0.00%,0.00%,1.51%,1.50%,0.00%,0.00%,0.00%,0.00%,0.00%,0.00%,0.00%,0.00%,0.00%,0.00%,0.00%,1.72%,0.00%,0.00%,0.00%,0.00%,0.00%,0.00%,0.00%,0.00%,0.00%,0.00%,0.00%,0.00%,0.00%,0.00%,15.85%,0.00%,0.00%,0.00%,0.00%,0.00%,4.48%,0.00%,0.00%,0.00%,0.00%,0.00%,0.00%,4.67%,0.00%,1.86%,0.00%,0.00%,0.00%,1.51%,0.00%,0.00%,0.00%,0.00%,0.00%,0.00%,1.06%,0.00%,4.77%,0.00%,0.00%,2.96%,0.00%,0.00%,0.00%,0.00%,0.00%,9.33%,0.00%,2.09%,0.00%,2.47%,0.00%,0.00%,0.00%,0.00%,0.00%,0.00%,0.00%,0.00%,0.00%,0.00%,0.00%,0.00%,0.00%,0.00%,0.00%,0.00%,0.00%,0.00%,0.00%,0.00%,0.00%,0.00%,17.80%,0.00%,0.00%,5.31%,0.00%,0.00%,0.00%,0.00%,0.00%
Ab:maj,0.00%,0.24%,0.37%,0.00%,0.04%,0.06%,0.00%,0.00%,0.00%,0.33%,0.03%,10.86%,0.15%,0.78%,0.75%,0.05%,0.82%,0.89%,0.00%,0.00%,0.47%,0.00%,0.00%,0.03%,0.02%,0.00%,0.00%,0.40%,0.00%,11.38%,0.03%,0.00%,9.34%,1.12%,0.60%,1.04%,0.07%,0.00%,14.16%,0.08%,0.64%,3.36%,0.23%,1.51%,0.43%,0.09%,0.11%,0.14%,1.07%,0.00%,0.00%,4.28%,0.75%,0.00%,0.00%,0.02%,0.07%,0.08%,0.00%,0.00%,0.06%,0.00%,0.00%,0.00%,0.00%,0.00%,0.44%,0.00%,0.09%,0.00%,0.00%,0.00%,0.00%,0.12%,0.00%,8.78%,0.02%,0.13%,1.89%,0.12%,0.51%,0.44%,0.02%,0.00%,3.61%,0.26%,0.37%,0.39%,0.00%,0.17%,0.04%,0.09%,0.00%,1.07%,0.00%,0.00%,6.40%,0.72%,0.05%,0.11%,0.00%,0.04%,2.09%,0.00%,0.00%,3.51%,0.21%,0.00%,0.21%,1.15%,0.00%
Ab:maj6,0.00%,0.00%,0.00%,0.00%,0.00%,0.00%,0.00%,0.00%,0.00%,1.76%,0.00%,11.33%,0.00%,1.53%,1.15%,0.00%,4.47%,0.00%,0.00%,0.00%,0.00%,0.00%,0.00%,0.00%,0.00%,0.00%,0.00%,2.65%,0.00%,5.43%,0.00%,0.00%,3.56%,1.71%,0.00%,0.00%,0.00%,0.00%,5.72%,0.00%,0.00%,0.00%,0.00%,3.49%,0.00%,0.00%,0.00%,0.00%,0.00%,0.00%,0.00%,1.21%,0.00%,0.00%,0.00%,0.00%,0.00%,0.00%,0.00%,0.00%,0.00%,0.00%,0.00%,0.00%,0.00%,0.00%,0.00%,0.00%,0.00%,0.00%,0.00%,0.00%,0.00%,0.00%,0.00%,1.38%,0.00%,0.00%,0.00%,0.00%,0.00%,0.00%,0.00%,0.00%,28.01%,5.52%,1.71%,0.00%,0.00%,8.18%,0.00%,0.00%,0.00%,0.00%,0.00%,0.00%,8.08%,1.38%,0.00%,0.00%,0.00%,0.00%,0.00%,0.00%,0.00%,1.73%,0.00%,0.00%,0.00%,0.00%,0.00%
Ab:maj7,0.00%,0.00%,0.43%,0.00%,0.00%,0.99%,0.00%,2.08%,0.00%,0.46%,0.00%,7.27%,0.71%,5.66%,0.00%,0.26%,1.85%,0.00%,0.00%,0.00%,0.00%,0.00%,0.00%,0.00%,0.00%,0.00%,0.00%,1.31%,0.00%,13.20%,4.45%,0.00%,1.26%,1.81%,0.77%,0.00%,0.00%,0.00%,9.46%,0.00%,0.20%,0.00%,0.00%,0.60%,0.00%,0.00%,0.00%,0.00%,0.55%,0.00%,0.00%,5.61%,1.36%,1.44%,0.00%,0.00%,0.00%,0.00%,0.00%,0.00%,0.00%,0.00%,0.00%,0.00%,0.00%,0.00%,0.00%,0.00%,0.00%,0.00%,0.00%,0.00%,0.00%,0.20%,0.00%,5.18%,0.00%,0.20%,0.00%,0.00%,2.15%,0.91%,0.00%,0.00%,0.00%,0.00%,0.00%,0.00%,0.00%,0.00%,0.00%,0.00%,0.00%,1.04%,0.00%,0.00%,17.30%,1.51%,0.00%,0.00%,0.00%,0.00%,1.70%,0.00%,0.45%,5.31%,0.87%,0.00%,1.04%,0.40%,0.00%
Ab:min,0.00%,0.00%,4.71%,0.00%,0.60%,0.10%,0.00%,0.23%,0.00%,0.27%,0.00%,1.67%,0.00%,0.00%,11.68%,1.05%,1.41%,1.26%,0.07%,0.00%,4.34%,0.17%,0.65%,0.18%,0.00%,0.25%,0.06%,0.14%,0.24%,0.76%,0.00%,0.00%,1.81%,0.39%,0.00%,0.11%,0.19%,0.00%,9.34%,0.00%,0.11%,20.73%,0.48%,1.11%,0.45%,0.00%,0.00%,0.05%,0.07%,0.00%,0.00%,0.11%,0.00%,0.00%,0.00%,0.00%,0.00%,0.14%,0.00%,0.00%,0.08%,0.00%,0.00%,0.00%,0.00%,0.00%,10.12%,0.00%,0.75%,0.23%,0.00%,0.06%,0.00%,0.03%,0.00%,1.21%,0.00%,0.00%,6.53%,0.39%,0.00%,0.98%,0.25%,0.00%,7.86%,0.29%,0.11%,4.05%,0.12%,0.61%,0.03%,0.00%,0.18%,0.00%,0.00%,0.00%,0.00%,0.00%,0.00%,0.00%,0.00%,0.04%,0.08%,0.00%,0.03%,0.42%,0.00%,0.00%,0.00%,0.60%,0.00%
Ab:min7,0.00%,0.00%,4.26%,0.00%,0.00%,0.40%,0.00%,0.30%,0.00%,0.89%,0.00%,0.99%,0.00%,0.00%,7.30%,2.84%,1.26%,1.10%,0.00%,0.00%,8.43%,0.50%,2.74%,0.00%,0.00%,1.61%,0.18%,0.00%,0.00%,0.00%,0.00%,0.00%,1.00%,1.74%,0.00%,0.00%,4.68%,0.00%,7.87%,0.00%,0.00%,8.91%,3.63%,0.45%,4.12%,0.00%,0.00%,0.00%,0.22%,0.00%,0.00%,0.00%,0.00%,0.00%,0.00%,0.00%,0.00%,0.00%,0.00%,0.00%,0.00%,0.00%,0.00%,0.00%,0.00%,0.00%,4.55%,0.00%,2.57%,0.00%,0.00%,0.45%,1.52%,0.00%,0.00%,0.93%,0.00%,0.00%,2.28%,1.27%,0.00%,0.42%,0.00%,0.00%,6.81%,1.35%,0.00%,8.66%,0.25%,0.27%,0.60%,0.00%,1.37%,0.96%,0.00%,0.00%,0.00%,0.00%,0.00%,0.00%,0.00%,0.00%,0.33%,0.00%,0.00%,0.00%,0.00%,0.00%,0.00%,0.00%,0.00%
Ab:sus2,0.00%,0.00%,0.00%,0.00%,0.00%,0.00%,0.00%,0.00%,0.00%,0.94%,0.00%,19.98%,0.00%,0.15%,12.47%,1.64%,3.64%,4.20%,0.00%,0.00%,4.91%,0.11%,1.42%,0.00%,0.00%,0.18%,0.00%,0.00%,0.00%,2.48%,0.00%,0.00%,3.08%,1.01%,0.70%,0.86%,0.00%,0.00%,4.18%,0.33%,1.59%,0.18%,0.19%,0.00%,0.00%,0.00%,0.00%,0.00%,1.57%,0.00%,0.00%,4.14%,3.39%,0.00%,0.00%,0.00%,0.00%,0.00%,0.00%,0.00%,0.00%,0.00%,0.00%,0.00%,0.00%,0.00%,3.72%,0.00%,0.24%,0.00%,0.00%,0.00%,0.00%,0.00%,0.00%,7.51%,0.15%,2.33%,0.95%,0.18%,0.30%,1.39%,0.00%,0.00%,1.67%,0.18%,0.00%,0.55%,0.00%,1.17%,0.00%,0.00%,0.00%,0.26%,0.00%,0.00%,2.48%,0.00%,0.00%,0.30%,0.00%,0.38%,0.33%,0.00%,0.00%,0.66%,0.44%,0.00%,0.00%,1.44%,0.00%
Ab:sus4,0.00%,0.00%,1.37%,0.00%,0.00%,0.00%,0.00%,0.00%,0.00%,0.66%,0.00%,19.28%,0.00%,0.00%,9.67%,0.24%,1.27%,4.05%,0.00%,0.00%,2.30%,0.00%,0.21%,0.00%,0.00%,0.00%,0.00%,0.00%,0.00%,0.45%,0.00%,0.00%,1.54%,1.13%,0.22%,0.28%,0.83%,0.00%,25.84%,0.00%,1.47%,6.93%,0.71%,0.84%,2.71%,0.00%,0.00%,0.00%,0.76%,0.00%,0.00%,0.00%,0.16%,0.00%,0.00%,0.00%,0.00%,0.75%,0.00%,0.00%,0.00%,0.00%,0.00%,0.00%,0.00%,0.00%,0.69%,0.00%,0.63%,0.00%,0.00%,0.00%,0.00%,0.00%,0.00%,0.29%,0.00%,0.00%,0.65%,0.00%,0.00%,0.91%,0.48%,0.00%,4.60%,0.47%,0.34%,1.09%,0.39%,0.46%,0.00%,0.00%,0.00%,1.50%,0.00%,0.00%,2.15%,0.25%,0.00%,0.25%,0.00%,0.00%,0.00%,0.00%,0.00%,0.00%,0.00%,0.00%,0.00%,1.16%,0.00%
B:7,0.94%,0.00%,2.07%,1.64%,1.56%,1.18%,0.00%,4.87%,0.00%,0.00%,0.00%,0.00%,0.00%,0.00%,2.04%,1.64%,0.00%,3.41%,3.14%,0.00%,5.71%,0.00%,0.00%,5.56%,0.00%,0.00%,0.00%,0.00%,0.00%,0.00%,0.00%,0.00%,0.00%,0.00%,0.00%,0.00%,0.00%,0.00%,1.25%,0.00%,0.00%,5.47%,0.00%,0.00%,1.47%,0.00%,0.00%,0.00%,1.77%,0.00%,0.00%,0.00%,0.00%,0.00%,0.00%,2.19%,0.00%,0.55%,0.00%,0.00%,3.11%,0.00%,1.55%,0.00%,0.00%,0.00%,17.53%,0.00%,0.75%,11.13%,4.47%,1.87%,1.93%,0.00%,0.00%,0.00%,0.00%,0.00%,0.00%,0.00%,0.00%,0.00%,0.00%,0.00%,1.94%,0.00%,0.00%,0.00%,0.00%,2.19%,0.00%,0.00%,0.00%,0.00%,0.00%,0.00%,0.00%,0.00%,0.00%,0.00%,0.00%,0.00%,3.92%,0.00%,3.18%,0.00%,0.00%,0.00%,0.00%,0.00%,0.00%
B:dim,0.00%,0.00%,6.58%,0.00%,0.00%,7.15%,0.00%,0.00%,0.00%,0.00%,0.00%,0.00%,0.00%,0.00%,0.00%,0.00%,0.00%,0.00%,0.00%,1.02%,0.00%,0.00%,0.00%,0.00%,1.49%,0.00%,0.00%,0.00%,0.00%,22.71%,0.00%,3.89%,0.00%,0.00%,0.00%,0.00%,0.00%,0.00%,0.00%,0.00%,0.00%,0.00%,0.00%,0.00%,0.00%,0.00%,0.00%,0.00%,13.47%,0.00%,0.51%,0.00%,0.00%,0.00%,0.00%,0.00%,0.00%,0.90%,0.00%,0.00%,1.39%,1.02%,0.00%,0.00%,1.25%,0.00%,20.02%,0.00%,0.00%,0.00%,0.00%,0.00%,0.93%,0.00%,0.00%,1.02%,0.00%,0.00%,0.00%,0.00%,0.00%,0.00%,0.00%,0.00%,1.14%,0.00%,0.00%,0.00%,0.00%,0.00%,0.00%,0.00%,0.00%,0.00%,0.00%,0.00%,0.00%,0.00%,0.00%,0.00%,0.00%,0.00%,4.26%,0.00%,0.00%,6.19%,5.04%,0.00%,0.00%,0.00%,0.00%
B:maj,0.02%,0.00%,5.80%,0.00%,0.13%,0.75%,0.00%,0.02%,0.10%,0.07%,0.00%,1.23%,0.00%,0.00%,6.68%,0.58%,0.06%,0.11%,0.37%,0.00%,11.26%,0.14%,1.16%,0.79%,0.03%,1.69%,0.38%,0.21%,0.11%,0.57%,0.00%,0.02%,2.76%,0.76%,0.00%,0.09%,0.22%,0.00%,7.72%,0.15%,0.00%,10.70%,1.18%,0.48%,0.48%,0.00%,0.03%,0.20%,1.25%,0.00%,0.10%,0.07%,0.00%,0.03%,0.00%,0.00%,0.02%,1.01%,0.00%,0.00%,0.05%,0.00%,0.01%,0.01%,0.00%,0.00%,17.61%,0.02%,0.89%,4.95%,0.20%,1.01%,0.40%,0.24%,0.00%,0.77%,0.00%,0.01%,3.47%,0.42%,0.07%,0.08%,0.02%,0.00%,7.02%,0.01%,0.59%,0.68%,0.00%,0.12%,0.32%,0.00%,0.02%,0.02%,0.00%,0.00%,0.09%,0.00%,0.00%,0.03%,0.00%,0.00%,0.53%,0.00%,0.01%,0.00%,0.00%,0.00%,0.00%,0.77%,0.00%
B:maj6,0.00%,0.00%,16.15%,0.00%,3.91%,0.00%,0.00%,0.00%,0.00%,0.00%,0.00%,0.00%,0.00%,0.00%,0.00%,4.49%,0.00%,0.00%,0.00%,0.00%,29.07%,1.68%,1.87%,2.42%,0.00%,2.26%,3.08%,0.00%,0.00%,0.00%,0.00%,0.00%,0.00%,1.71%,0.00%,0.00%,0.00%,0.00%,5.83%,0.00%,2.69%,8.21%,0.00%,0.00%,0.00%,0.00%,0.00%,0.00%,0.00%,0.00%,0.00%,0.00%,0.00%,0.00%,0.00%,0.00%,0.00%,2.46%,0.00%,0.00%,0.00%,0.00%,0.00%,0.00%,0.00%,0.00%,8.28%,0.00%,0.00%,0.00%,0.00%,0.00%,0.00%,0.00%,0.00%,0.00%,0.00%,0.00%,0.00%,0.00%,0.00%,0.00%,0.00%,0.00%,3.85%,0.00%,0.00%,2.04%,0.00%,0.00%,0.00%,0.00%,0.00%,0.00%,0.00%,0.00%,0.00%,0.00%,0.00%,0.00%,0.00%,0.00%,0.00%,0.00%,0.00%,0.00%,0.00%,0.00%,0.00%,0.00%,0.00%
B:maj7,0.00%,0.00%,1.10%,0.00%,0.00%,0.00%,0.00%,0.00%,0.00%,0.00%,0.00%,0.92%,0.00%,0.00%,28.41%,1.87%,1.63%,0.55%,0.00%,0.00%,5.04%,0.00%,6.48%,0.83%,0.00%,1.67%,0.00%,0.00%,0.00%,0.14%,0.00%,0.00%,3.62%,1.46%,0.00%,1.07%,0.61%,0.00%,8.04%,0.00%,0.00%,1.39%,0.00%,0.72%,3.82%,0.00%,0.00%,0.00%,0.35%,0.00%,0.00%,0.00%,0.00%,0.28%,0.00%,0.00%,0.00%,0.00%,0.29%,0.00%,0.00%,0.00%,0.00%,0.00%,0.00%,0.00%,9.93%,0.00%,1.24%,0.00%,0.00%,0.48%,0.00%,0.00%,0.00%,3.38%,0.00%,0.00%,1.07%,0.49%,0.00%,0.14%,0.00%,0.00%,5.82%,1.27%,0.75%,0.00%,0.00%,2.18%,0.45%,0.00%,0.00%,0.00%,0.00%,0.00%,0.00%,0.00%,0.00%,0.00%,0.00%,0.00%,0.00%,0.00%,0.00%,0.00%,0.00%,0.00%,0.00%,2.52%,0.00%
B:min,0.07%,0.00%,8.27%,0.07%,0.03%,3.62%,0.37%,0.15%,0.27%,0.00%,0.16%,0.00%,0.00%,0.00%,0.11%,0.06%,0.00%,0.00%,0.22%,0.00%,0.74%,0.00%,0.00%,12.63%,1.04%,1.02%,1.27%,0.00%,0.12%,0.02%,0.00%,0.00%,0.11%,0.00%,0.00%,0.00%,0.05%,0.03%,1.57%,0.00%,0.00%,2.71%,0.12%,0.03%,0.26%,0.00%,0.00%,0.00%,5.95%,0.03%,0.14%,0.03%,0.00%,0.23%,0.00%,0.18%,0.00%,3.80%,0.00%,0.36%,0.00%,0.12%,0.47%,0.22%,0.10%,0.00%,10.13%,0.00%,0.00%,16.52%,0.99%,0.43%,0.72%,0.00%,0.00%,0.13%,0.00%,0.00%,0.03%,0.00%,0.00%,0.00%,0.02%,0.00%,1.33%,0.00%,0.07%,8.45%,0.20%,0.09%,0.42%,0.00%,0.00%,0.38%,0.00%,0.00%,0.00%,0.00%,0.00%,0.00%,0.13%,0.00%,11.76%,0.00%,0.66%,0.17%,0.00%,0.15%,0.00%,0.48%,0.00%
B:min7,0.00%,0.00%,5.68%,0.74%,0.00%,3.01%,4.23%,0.38%,0.48%,0.00%,0.15%,0.00%,0.00%,0.00%,0.00%,0.00%,0.00%,0.00%,0.00%,0.29%,0.10%,0.00%,0.00%,7.61%,5.36%,0.00%,0.47%,0.00%,0.00%,0.26%,0.00%,0.00%,0.00%,0.00%,0.00%,0.00%,0.00%,0.17%,0.23%,0.00%,0.00%,0.00%,1.85%,0.00%,0.41%,0.00%,0.00%,0.00%,7.39%,0.24%,0.16%,0.00%,0.00%,0.61%,0.00%,1.72%,0.00%,4.11%,0.00%,0.69%,0.00%,0.91%,0.31%,0.12%,0.00%,0.00%,13.42%,0.00%,0.00%,11.26%,5.10%,0.00%,2.39%,0.00%,0.00%,0.00%,0.00%,0.00%,0.00%,0.00%,0.00%,0.00%,0.00%,0.00%,0.46%,0.00%,0.00%,2.33%,2.43%,0.00%,0.14%,0.00%,0.00%,0.52%,0.00%,0.54%,0.00%,0.00%,0.20%,0.00%,0.00%,0.00%,11.95%,0.00%,0.84%,0.00%,0.00%,0.47%,0.00%,0.26%,0.00%
B:sus2,0.00%,0.00%,2.71%,0.28%,0.00%,0.00%,0.00%,0.19%,0.00%,0.00%,0.00%,0.69%,0.00%,0.00%,5.75%,1.01%,0.00%,0.00%,0.92%,0.00%,24.67%,0.17%,2.71%,10.22%,0.68%,4.48%,2.66%,0.00%,0.00%,0.00%,0.00%,0.00%,0.34%,0.80%,0.00%,0.00%,1.01%,0.00%,3.06%,0.00%,0.00%,3.54%,0.28%,1.37%,1.81%,0.00%,0.00%,0.00%,0.00%,0.00%,0.00%,0.00%,0.00%,0.00%,0.00%,0.23%,0.00%,3.39%,0.00%,3.44%,0.76%,0.00%,0.00%,0.00%,0.00%,0.00%,6.10%,0.00%,0.62%,1.62%,0.37%,1.49%,0.24%,0.60%,0.00%,0.00%,0.00%,0.00%,1.51%,0.94%,0.00%,0.00%,0.00%,0.00%,3.08%,0.00%,0.53%,0.97%,0.00%,0.50%,2.06%,0.00%,0.00%,0.19%,0.00%,0.00%,0.00%,0.00%,0.00%,0.00%,0.00%,0.00%,0.73%,0.00%,0.29%,0.00%,0.00%,0.17%,0.00%,0.80%,0.00%
B:sus4,0.00%,0.00%,1.08%,0.64%,1.20%,1.45%,1.04%,0.35%,0.00%,0.00%,0.00%,0.65%,0.00%,0.00%,0.25%,1.05%,0.00%,0.00%,0.63%,0.00%,23.63%,0.00%,0.00%,10.71%,0.73%,2.82%,2.46%,0.00%,0.00%,0.00%,0.00%,0.62%,0.00%,0.00%,0.00%,0.00%,0.00%,0.00%,0.00%,0.00%,0.00%,0.00%,0.66%,0.00%,0.35%,0.00%,0.00%,0.00%,0.84%,0.00%,0.50%,0.00%,0.00%,0.00%,0.00%,0.51%,0.00%,1.60%,0.00%,1.63%,0.00%,0.00%,0.00%,0.00%,0.00%,0.00%,22.64%,0.00%,1.10%,5.73%,1.77%,1.68%,0.00%,0.00%,0.00%,0.00%,0.00%,0.00%,0.00%,0.00%,0.00%,0.00%,0.00%,0.00%,1.11%,0.00%,0.00%,0.53%,0.37%,0.00%,0.28%,0.00%,0.00%,0.00%,0.00%,0.00%,0.00%,0.00%,0.00%,0.00%,0.00%,0.00%,6.07%,0.00%,0.23%,0.00%,0.00%,2.16%,0.00%,0.93%,0.00%
Bb:7,0.00%,0.00%,0.00%,0.00%,0.00%,0.00%,0.00%,0.00%,0.00%,0.00%,0.00%,2.42%,0.00%,0.00%,1.92%,0.00%,0.00%,0.00%,1.08%,0.00%,0.88%,0.00%,0.00%,0.00%,0.00%,0.00%,0.00%,0.00%,0.00%,5.75%,0.00%,0.00%,3.41%,0.00%,0.68%,4.03%,0.00%,0.00%,0.86%,0.00%,0.00%,0.00%,0.00%,0.00%,0.00%,0.00%,0.00%,0.00%,0.00%,0.00%,0.00%,1.94%,0.67%,0.00%,0.00%,0.00%,0.00%,0.00%,0.00%,0.00%,0.00%,0.00%,0.00%,0.00%,0.00%,2.00%,0.00%,0.00%,0.00%,0.00%,0.00%,0.00%,0.00%,0.00%,0.00%,32.81%,0.00%,3.37%,9.85%,5.56%,3.03%,1.12%,0.00%,0.00%,2.34%,0.00%,1.62%,0.00%,0.00%,0.00%,0.00%,0.00%,0.00%,2.23%,0.00%,0.00%,0.83%,0.69%,0.00%,0.00%,0.00%,2.15%,1.01%,0.00%,0.00%,5.56%,2.19%,0.00%,0.00%,0.00%,0.00%
Bb:dim,0.00%,0.00%,8.32%,0.00%,0.00%,0.00%,6.31%,0.00%,0.00%,0.00%,0.00%,1.70%,0.00%,0.00%,3.25%,0.00%,0.00%,0.00%,0.00%,0.00%,5.14%,0.00%,0.00%,5.59%,0.00%,0.00%,0.00%,0.00%,1.93%,1.48%,0.00%,3.63%,0.00%,0.00%,0.00%,0.00%,0.00%,0.00%,0.00%,0.00%,0.00%,0.00%,0.00%,0.00%,0.00%,0.00%,0.00%,0.00%,0.00%,0.00%,0.00%,0.00%,0.00%,0.00%,0.00%,0.00%,0.00%,0.00%,0.00%,0.00%,1.38%,0.00%,0.00%,0.00%,0.00%,0.00%,1.83%,0.00%,0.00%,0.00%,0.00%,0.00%,0.00%,6.59%,0.00%,31.94%,0.00%,0.00%,0.00%,0.00%,0.00%,0.00%,1.93%,0.00%,3.66%,0.00%,0.00%,3.40%,5.64%,0.00%,1.93%,0.00%,0.00%,0.00%,0.00%,0.00%,0.00%,0.00%,0.00%,0.00%,0.00%,0.00%,3.45%,0.00%,0.00%,0.91%,0.00%,0.00%,0.00%,0.00%,0.00%
Bb:maj,0.11%,0.14%,1.35%,0.00%,0.00%,2.30%,0.40%,0.00%,0.18%,0.00%,0.00%,5.02%,0.11%,0.11%,0.11%,0.00%,0.13%,0.00%,0.00%,0.08%,0.26%,0.00%,0.00%,0.00%,0.00%,0.00%,0.00%,0.52%,0.00%,9.91%,0.17%,0.80%,1.28%,0.03%,1.74%,0.96%,0.00%,0.00%,0.52%,0.00%,0.00%,0.00%,0.00%,0.00%,0.00%,0.14%,0.00%,0.00%,11.61%,0.00%,0.00%,9.79%,0.45%,0.99%,0.75%,0.31%,0.05%,0.86%,0.00%,0.00%,2.99%,0.39%,0.13%,0.09%,0.00%,0.02%,0.05%,0.00%,0.01%,0.05%,0.00%,0.00%,0.00%,0.05%,0.00%,16.61%,0.04%,0.56%,2.28%,0.22%,1.88%,0.17%,0.00%,0.02%,0.34%,0.00%,0.04%,0.00%,0.00%,0.00%,0.00%,0.02%,0.00%,8.15%,0.06%,0.06%,1.11%,0.03%,0.07%,0.29%,0.00%,0.00%,1.30%,0.00%,0.00%,9.70%,1.14%,0.20%,0.13%,0.63%,0.00%
Bb:maj6,0.00%,0.00%,0.00%,0.00%,0.00%,0.00%,0.00%,0.00%,0.00%,0.00%,0.00%,13.75%,0.00%,3.92%,0.00%,0.00%,1.29%,0.00%,0.00%,0.00%,0.00%,0.00%,0.00%,0.00%,0.00%,0.00%,0.00%,0.00%,0.00%,12.57%,0.00%,1.13%,0.00%,0.00%,5.83%,2.31%,0.00%,0.00%,0.00%,0.00%,0.00%,0.00%,0.00%,0.00%,0.00%,1.03%,0.00%,0.00%,6.87%,0.00%,0.00%,6.57%,0.00%,0.00%,0.00%,0.00%,0.00%,2.00%,0.00%,0.00%,1.55%,0.00%,0.00%,0.00%,0.00%,0.00%,0.00%,0.00%,0.00%,0.00%,0.00%,0.00%,0.00%,0.00%,0.00%,6.19%,0.00%,3.05%,0.00%,0.00%,0.69%,0.00%,0.00%,0.00%,0.00%,0.00%,0.00%,0.00%,0.00%,0.00%,0.00%,0.00%,0.00%,7.77%,0.00%,0.00%,0.00%,0.00%,0.00%,0.00%,0.00%,0.00%,0.00%,0.00%,0.00%,21.61%,1.88%,0.00%,0.00%,0.00%,0.00%
Bb:maj7,0.68%,0.00%,1.51%,0.00%,0.00%,3.37%,2.65%,0.00%,0.00%,0.00%,0.00%,0.25%,0.00%,0.00%,0.00%,0.00%,0.00%,0.00%,0.00%,0.00%,1.02%,0.00%,0.00%,0.68%,0.00%,0.00%,0.00%,0.00%,0.79%,10.13%,1.37%,4.72%,0.00%,0.00%,4.10%,0.00%,0.00%,0.00%,0.00%,0.00%,0.00%,0.00%,0.00%,0.00%,0.00%,1.31%,0.00%,0.00%,7.50%,0.70%,0.00%,2.05%,0.31%,0.72%,2.37%,0.00%,0.00%,0.88%,0.00%,0.00%,2.98%,0.96%,2.36%,0.00%,0.00%,0.00%,0.37%,0.00%,0.00%,0.25%,0.00%,0.00%,0.00%,0.00%,0.00%,8.45%,0.00%,1.28%,0.00%,0.00%,0.00%,0.00%,0.00%,0.00%,0.00%,0.00%,0.00%,0.00%,0.00%,0.00%,0.00%,0.17%,0.00%,3.77%,0.00%,1.27%,0.00%,0.00%,1.10%,1.13%,0.91%,0.00%,3.48%,0.00%,0.31%,19.33%,2.87%,1.89%,0.00%,0.00%,0.00%
Bb:min,0.00%,0.04%,0.07%,0.00%,0.00%,0.44%,0.00%,0.03%,0.00%,0.19%,0.00%,7.44%,0.59%,0.00%,1.29%,0.44%,0.19%,0.16%,0.00%,0.00%,3.34%,0.00%,0.26%,0.05%,0.00%,0.00%,0.00%,0.19%,0.00%,1.93%,0.00%,0.07%,11.65%,1.40%,1.89%,1.08%,0.25%,0.00%,4.62%,0.07%,0.42%,0.07%,0.00%,0.11%,0.00%,0.13%,0.00%,0.30%,2.14%,0.00%,0.00%,2.66%,0.35%,0.00%,0.24%,0.05%,0.29%,0.00%,0.00%,0.00%,0.05%,0.00%,0.00%,0.00%,0.00%,0.00%,0.10%,0.00%,0.00%,0.00%,0.00%,0.00%,0.00%,0.18%,0.00%,12.91%,0.00%,0.00%,15.66%,0.72%,1.11%,1.13%,0.16%,0.00%,8.96%,0.04%,1.12%,0.00%,0.00%,0.56%,0.00%,0.00%,0.00%,1.74%,0.00%,0.00%,9.76%,0.27%,0.00%,0.11%,0.00%,0.13%,0.00%,0.00%,0.00%,0.00%,0.07%,0.00%,0.00%,0.78%,0.00%
Bb:min7,0.00%,0.17%,0.00%,0.00%,0.00%,0.00%,0.00%,0.00%,0.00%,0.00%,0.00%,4.00%,0.47%,0.23%,3.15%,2.56%,0.16%,0.74%,0.00%,0.00%,5.52%,0.59%,0.20%,0.00%,0.00%,0.00%,0.00%,0.00%,0.00%,1.35%,0.00%,0.00%,8.26%,1.95%,0.92%,0.52%,0.22%,0.00%,6.98%,0.40%,3.00%,0.00%,0.61%,0.24%,0.17%,0.00%,0.00%,0.00%,3.82%,0.00%,0.00%,0.86%,0.00%,0.00%,0.00%,0.00%,0.00%,0.15%,0.00%,0.00%,0.00%,0.00%,0.00%,0.00%,0.00%,0.00%,0.20%,0.00%,0.15%,0.00%,0.00%,0.17%,0.00%,0.82%,0.00%,5.66%,0.34%,0.00%,9.80%,6.24%,1.39%,3.16%,0.28%,0.00%,10.21%,0.66%,2.52%,0.00%,0.00%,1.16%,0.43%,0.00%,0.00%,0.16%,0.00%,0.00%,5.39%,3.83%,0.00%,0.00%,0.00%,0.00%,0.00%,0.00%,0.00%,0.00%,0.00%,0.00%,0.00%,0.20%,0.00%
Bb:sus2,0.00%,0.00%,0.00%,0.00%,0.00%,0.95%,0.64%,0.00%,0.00%,0.00%,0.00%,3.52%,0.63%,0.00%,0.00%,0.00%,0.50%,0.00%,0.00%,0.00%,0.30%,0.00%,0.00%,0.00%,0.00%,0.00%,0.00%,0.54%,0.00%,17.30%,0.76%,1.69%,6.72%,1.90%,5.10%,1.66%,0.00%,0.00%,5.59%,0.00%,2.07%,0.00%,0.00%,2.11%,0.22%,0.52%,0.00%,0.00%,2.21%,0.00%,0.00%,4.58%,1.47%,1.14%,1.74%,0.00%,0.00%,0.54%,0.00%,0.00%,0.00%,4.11%,0.00%,0.42%,0.00%,0.00%,0.00%,0.00%,0.00%,0.00%,0.00%,0.00%,0.00%,0.00%,0.00%,5.02%,0.00%,0.98%,2.50%,0.13%,0.93%,0.78%,0.00%,0.00%,3.85%,0.00%,3.08%,0.00%,0.00%,0.00%,0.00%,0.29%,0.00%,3.39%,0.21%,0.00%,1.10%,1.32%,0.18%,0.76%,0.00%,0.00%,0.70%,0.00%,0.00%,3.20%,1.01%,0.26%,0.23%,1.15%,0.00%
Bb:sus4,0.00%,0.00%,0.00%,0.00%,0.00%,0.00%,0.00%,0.00%,0.00%,0.00%,0.00%,4.52%,4.29%,0.67%,1.78%,0.00%,0.72%,0.00%,0.00%,0.00%,0.13%,0.00%,0.39%,0.00%,0.00%,0.41%,0.00%,2.36%,0.00%,20.33%,0.00%,0.00%,6.13%,1.82%,1.68%,3.88%,0.00%,0.00%,1.58%,0.00%,0.00%,0.32%,0.00%,0.25%,0.00%,0.00%,0.00%,0.00%,3.81%,0.00%,0.00%,5.82%,0.47%,0.43%,0.00%,0.00%,0.00%,0.41%,0.00%,0.00%,0.34%,0.00%,0.00%,0.00%,0.00%,0.00%,0.00%,0.00%,0.00%,0.00%,0.00%,0.00%,0.00%,0.00%,0.00%,11.05%,0.00%,1.31%,10.57%,0.98%,1.41%,1.61%,0.00%,0.00%,3.93%,0.00%,1.15%,0.00%,0.00%,0.00%,0.00%,0.00%,0.00%,0.75%,0.00%,0.00%,2.30%,0.57%,0.21%,0.00%,0.00%,0.00%,0.00%,0.00%,0.00%,1.33%,0.00%,0.00%,0.28%,0.00%,0.00%
C#:7,0.00%,0.00%,1.96%,0.00%,2.84%,1.42%,0.00%,0.00%,0.00%,0.00%,0.00%,0.60%,0.00%,0.00%,0.60%,3.57%,0.00%,0.00%,0.00%,0.86%,3.10%,0.63%,0.94%,1.07%,0.00%,0.00%,0.00%,0.00%,0.85%,0.80%,0.00%,0.00%,2.80%,1.47%,0.00%,0.00%,4.72%,0.00%,6.06%,0.00%,0.00%,1.19%,0.00%,0.00%,2.59%,0.00%,0.00%,0.00%,0.00%,0.00%,0.00%,2.00%,0.00%,0.00%,0.00%,0.00%,0.00%,0.94%,0.00%,0.00%,0.00%,0.00%,0.00%,0.00%,0.00%,0.00%,0.96%,0.00%,0.00%,0.00%,0.00%,0.00%,0.00%,0.00%,0.00%,1.46%,0.00%,0.00%,0.68%,1.48%,0.00%,0.73%,0.00%,0.00%,32.65%,0.00%,1.80%,15.46%,3.23%,0.53%,0.00%,0.00%,0.00%,0.00%,0.00%,0.00%,0.00%,0.00%,0.00%,0.00%,0.00%,0.00%,0.00%,0.00%,0.00%,0.00%,0.00%,0.00%,0.00%,0.00%,0.00%
C#:dim,0.00%,0.00%,0.93%,0.00%,0.00%,16.07%,0.00%,0.00%,0.00%,0.00%,0.00%,0.00%,0.00%,0.00%,0.00%,0.00%,0.00%,0.00%,0.00%,0.00%,12.33%,0.00%,0.00%,1.35%,0.00%,0.00%,0.00%,0.00%,0.00%,0.00%,0.00%,0.00%,0.00%,0.00%,0.00%,0.00%,0.00%,1.71%,1.05%,0.00%,0.00%,0.00%,0.00%,1.41%,0.00%,0.00%,0.00%,0.00%,26.72%,0.00%,0.00%,0.00%,0.00%,3.16%,0.00%,0.00%,0.00%,5.73%,0.00%,0.00%,7.68%,0.00%,1.63%,0.00%,0.00%,0.00%,0.00%,0.00%,0.00%,5.58%,0.00%,0.00%,0.00%,0.00%,0.00%,5.28%,0.00%,0.00%,0.00%,2.49%,0.00%,0.00%,0.00%,1.29%,2.50%,0.00%,0.00%,0.00%,0.00%,0.00%,0.00%,0.00%,0.00%,0.00%,0.00%,0.00%,1.93%,0.00%,0.00%,0.00%,0.00%,0.00%,0.00%,0.00%,0.00%,0.00%,1.15%,0.00%,0.00%,0.00%,0.00%
C#:maj,0.00%,0.00%,0.54%,0.00%,0.09%,0.00%,0.00%,0.00%,0.06%,0.20%,0.00%,8.53%,0.15%,0.33%,1.85%,0.09%,0.13%,0.37%,0.00%,0.00%,4.32%,0.00%,0.14%,0.28%,0.00%,0.45%,0.02%,0.00%,0.00%,1.77%,0.00%,0.00%,7.29%,1.03%,0.13%,0.28%,0.33%,0.06%,11.22%,0.12%,0.86%,1.22%,0.10%,2.54%,1.00%,0.00%,0.28%,0.26%,1.54%,0.00%,0.04%,3.65%,0.44%,0.00%,0.43%,0.00%,0.26%,0.37%,0.00%,0.05%,0.18%,0.01%,0.00%,0.00%,0.00%,0.04%,0.25%,0.00%,0.02%,0.02%,0.00%,0.05%,0.00%,0.57%,0.00%,9.24%,0.00%,0.00%,7.53%,0.89%,0.38%,0.67%,0.06%,0.00%,14.44%,0.02%,0.75%,3.19%,0.05%,1.14%,0.30%,0.06%,0.09%,1.13%,0.00%,0.25%,3.37%,0.67%,0.09%,0.09%,0.00%,0.21%,0.16%,0.00%,0.00%,0.01%,0.00%,0.00%,0.06%,1.17%,0.00%
C#:maj6,0.00%,0.00%,0.00%,0.00%,0.00%,0.00%,0.00%,0.00%,0.00%,2.13%,0.00%,4.89%,0.00%,0.00%,0.00%,0.00%,0.00%,0.00%,0.00%,0.00%,14.93%,0.00%,9.45%,0.00%,0.00%,12.32%,0.00%,0.00%,0.00%,4.05%,0.00%,0.00%,1.38%,0.00%,0.00%,0.00%,0.00%,2.09%,26.66%,0.00%,0.00%,0.00%,0.00%,0.00%,0.00%,0.00%,0.00%,0.00%,0.00%,0.00%,0.00%,0.00%,0.00%,0.00%,0.00%,0.00%,0.00%,0.00%,0.00%,0.00%,0.00%,0.00%,0.00%,0.00%,0.00%,0.00%,0.00%,0.00%,0.00%,0.00%,0.00%,2.44%,0.00%,0.00%,0.00%,3.57%,0.00%,0.00%,9.03%,0.00%,1.04%,0.00%,0.00%,0.00%,6.01%,0.00%,0.00%,0.00%,0.00%,0.00%,0.00%,0.00%,0.00%,0.00%,0.00%,0.00%,0.00%,0.00%,0.00%,0.00%,0.00%,0.00%,0.00%,0.00%,0.00%,0.00%,0.00%,0.00%,0.00%,0.00%,0.00%
C#:maj7,0.00%,0.00%,0.00%,0.00%,0.00%,0.00%,0.00%,0.00%,0.00%,0.00%,0.00%,4.07%,0.00%,0.00%,0.00%,0.00%,1.82%,0.31%,0.00%,0.00%,0.00%,0.00%,0.00%,0.00%,0.00%,0.45%,0.00%,0.00%,0.00%,0.67%,0.00%,0.00%,21.05%,3.57%,0.00%,0.31%,0.00%,0.00%,9.89%,1.14%,3.38%,1.06%,0.00%,1.14%,0.63%,0.00%,0.00%,1.92%,0.37%,0.00%,0.00%,1.05%,0.88%,0.35%,0.45%,0.00%,0.00%,0.49%,0.00%,0.00%,0.00%,0.00%,0.00%,0.00%,0.00%,0.00%,0.55%,0.00%,0.00%,0.00%,0.00%,0.00%,0.00%,0.77%,0.00%,4.88%,0.24%,0.00%,1.58%,2.07%,0.38%,0.00%,0.00%,0.00%,19.63%,0.00%,6.59%,0.67%,0.00%,0.00%,0.00%,0.67%,0.00%,0.00%,0.00%,0.00%,3.70%,2.58%,0.00%,0.67%,0.00%,0.00%,0.00%,0.00%,0.00%,0.00%,0.00%,0.00%,0.00%,0.00%,0.00%
C#:min,0.09%,0.00%,10.42%,0.00%,0.86%,0.22%,0.00%,0.39%,0.00%,0.05%,0.00%,1.17%,0.04%,0.00%,6.71%,0.23%,0.21%,0.48%,0.04%,0.04%,7.54%,0.25%,0.00%,2.81%,0.33%,0.11%,0.05%,0.00%,0.07%,0.04%,0.00%,0.00%,0.07%,0.03%,0.00%,0.04%,0.18%,0.00%,1.48%,0.00%,0.05%,12.42%,0.55%,2.46%,0.70%,0.00%,0.15%,0.03%,0.23%,0.00%,0.04%,0.12%,0.05%,0.00%,0.00%,0.00%,0.00%,4.80%,0.00%,0.07%,0.21%,0.00%,0.50%,0.00%,0.04%,0.00%,4.22%,0.06%,0.13%,0.25%,0.00%,0.16%,0.05%,0.17%,0.00%,1.94%,0.00%,0.00%,4.16%,0.45%,0.00%,0.37%,0.74%,0.00%,11.45%,0.08%,0.00%,15.94%,0.52%,1.18%,0.89%,0.00%,0.00%,0.00%,0.00%,0.00%,0.13%,0.00%,0.00%,0.00%,0.00%,0.00%,0.08%,0.00%,0.03%,0.00%,0.00%,0.00%,0.00%,0.62%,0.00%
C#:min7,0.42%,0.00%,8.41%,0.77%,1.54%,0.00%,0.00%,1.34%,0.00%,0.19%,0.00%,0.00%,0.00%,0.00%,3.81%,2.36%,0.00%,0.00%,0.26%,0.00%,2.97%,0.82%,0.00%,3.67%,1.04%,0.50%,0.27%,0.00%,2.77%,0.00%,0.00%,0.00%,0.00%,0.00%,0.00%,0.00%,0.00%,0.00%,1.23%,0.00%,0.00%,8.81%,2.54%,0.94%,1.05%,0.00%,0.00%,0.00%,0.00%,0.00%,0.55%,0.00%,0.00%,0.00%,0.00%,0.00%,0.00%,2.80%,0.00%,1.00%,0.00%,0.00%,0.73%,0.00%,0.00%,0.00%,5.37%,0.00%,1.10%,0.22%,0.00%,0.73%,0.00%,0.79%,0.73%,1.58%,0.00%,0.00%,0.95%,0.00%,0.00%,0.00%,1.00%,0.00%,13.72%,0.00%,0.00%,12.95%,5.59%,1.00%,3.26%,0.00%,0.00%,0.00%,0.00%,0.00%,0.00%,0.00%,0.00%,0.00%,0.00%,0.00%,0.00%,0.00%,0.25%,0.00%,0.00%,0.00%,0.00%,0.00%,0.00%
C#:sus2,0.00%,0.00%,3.45%,0.00%,0.33%,0.00%,0.00%,0.00%,0.00%,0.46%,0.00%,6.33%,0.00%,0.16%,0.93%,0.57%,0.45%,0.15%,0.00%,0.00%,1.23%,0.00%,0.00%,0.00%,0.00%,0.52%,0.43%,0.00%,0.48%,0.48%,0.00%,0.00%,5.20%,0.94%,0.00%,0.00%,0.20%,0.00%,28.29%,0.16%,1.63%,9.19%,0.00%,4.70%,3.34%,0.00%,0.00%,0.00%,0.00%,0.00%,0.00%,1.11%,0.55%,0.00%,0.00%,0.00%,0.00%,0.32%,0.00%,0.00%,0.00%,0.00%,0.00%,0.00%,0.00%,0.00%,0.20%,0.00%,0.55%,0.00%,0.00%,0.00%,0.00%,0.16%,0.00%,2.44%,0.20%,0.00%,0.94%,2.09%,0.15%,0.67%,0.15%,0.00%,7.53%,0.25%,0.21%,4.12%,0.00%,2.00%,0.24%,0.23%,0.00%,0.56%,0.00%,0.14%,1.96%,1.38%,0.31%,0.56%,0.00%,0.00%,0.00%,0.00%,0.00%,0.00%,0.00%,0.00%,0.00%,1.36%,0.00%
C#:sus4,0.00%,0.00%,0.00%,0.00%,0.00%,0.00%,0.00%,0.00%,0.00%,0.00%,0.00%,3.15%,0.00%,0.00%,1.60%,0.49%,0.00%,0.24%,0.00%,0.00%,7.00%,0.00%,0.42%,1.35%,0.75%,0.74%,0.35%,0.23%,0.00%,0.00%,0.00%,0.00%,0.00%,0.00%,0.00%,0.00%,1.35%,0.00%,31.30%,0.00%,0.00%,6.60%,1.54%,3.32%,5.40%,0.00%,0.00%,0.00%,0.00%,0.00%,0.00%,0.54%,0.00%,0.00%,0.00%,0.00%,0.00%,0.45%,0.00%,0.00%,0.37%,0.00%,0.00%,0.00%,0.00%,0.00%,0.55%,0.00%,0.60%,0.00%,0.00%,0.61%,0.00%,0.54%,0.00%,0.00%,0.00%,0.00%,2.09%,0.54%,0.00%,0.25%,0.00%,0.00%,14.39%,0.25%,1.12%,7.53%,0.72%,1.66%,0.79%,0.00%,0.00%,0.00%,0.00%,0.00%,0.00%,0.00%,0.00%,0.69%,0.00%,0.00%,0.00%,0.00%,0.00%,0.00%,0.00%,0.00%,0.00%,0.49%,0.00%
C:7,0.00%,0.00%,0.00%,0.00%,0.00%,0.00%,0.74%,0.00%,0.00%,0.00%,0.00%,7.97%,0.00%,0.00%,0.00%,0.00%,0.00%,0.00%,0.00%,0.00%,2.68%,0.00%,0.00%,0.00%,0.00%,0.00%,0.00%,0.00%,0.00%,7.86%,0.82%,1.78%,0.00%,0.00%,0.00%,0.00%,0.00%,0.00%,2.43%,0.00%,0.00%,0.00%,0.00%,0.00%,0.00%,1.81%,0.00%,0.00%,7.53%,0.00%,0.82%,0.00%,0.79%,1.16%,0.00%,0.00%,0.00%,1.58%,0.00%,0.00%,0.00%,0.00%,0.00%,0.00%,0.00%,0.00%,0.00%,0.00%,0.00%,0.00%,0.00%,0.00%,0.00%,0.00%,0.00%,2.44%,0.00%,0.00%,0.00%,0.00%,0.00%,0.00%,0.00%,1.28%,0.00%,0.00%,0.00%,1.28%,0.00%,0.00%,0.00%,0.00%,0.00%,36.13%,0.00%,0.00%,11.32%,1.58%,5.22%,0.95%,0.00%,0.00%,0.00%,0.00%,0.00%,1.83%,0.00%,0.00%,0.00%,0.00%,0.00%
C:aug,0.00%,0.00%,0.00%,0.00%,0.00%,4.21%,0.00%,0.00%,0.00%,0.00%,0.00%,0.00%,0.00%,0.00%,0.00%,0.00%,0.00%,0.00%,0.00%,0.00%,0.00%,0.00%,0.00%,0.00%,0.00%,0.00%,0.00%,0.00%,0.00%,16.16%,0.00%,0.00%,23.25%,0.00%,0.00%,22.06%,0.00%,0.00%,0.00%,0.00%,0.00%,4.36%,0.00%,0.00%,2.76%,0.00%,0.00%,0.00%,0.00%,0.00%,0.00%,0.00%,0.00%,0.00%,0.00%,0.00%,0.00%,0.00%,0.00%,0.00%,0.00%,0.00%,0.00%,0.00%,0.00%,0.00%,14.54%,0.00%,0.00%,0.00%,0.00%,0.00%,0.00%,0.00%,0.00%,3.99%,0.00%,3.46%,0.00%,0.00%,0.00%,0.00%,0.00%,0.00%,5.21%,0.00%,0.00%,0.00%,0.00%,0.00%,0.00%,0.00%,0.00%,0.00%,0.00%,0.00%,0.00%,0.00%,0.00%,0.00%,0.00%,0.00%,0.00%,0.00%,0.00%,0.00%,0.00%,0.00%,0.00%,0.00%,0.00%
C:dim,0.00%,1.79%,0.00%,0.00%,0.00%,0.00%,0.00%,0.00%,0.00%,0.00%,0.00%,1.10%,0.00%,0.00%,4.88%,0.00%,0.00%,0.00%,0.00%,0.00%,38.96%,0.00%,0.00%,1.60%,0.00%,0.00%,0.00%,0.00%,0.00%,0.00%,0.00%,0.00%,2.21%,0.00%,0.00%,0.00%,0.00%,0.00%,15.29%,0.00%,0.00%,3.68%,0.00%,5.16%,0.00%,0.00%,0.00%,0.00%,1.21%,0.00%,0.00%,0.00%,0.00%,0.00%,0.00%,0.00%,0.00%,0.00%,0.00%,0.00%,0.00%,1.14%,0.00%,0.00%,0.00%,0.00%,3.12%,0.00%,0.00%,0.00%,0.00%,0.00%,0.00%,0.00%,0.00%,0.00%,0.00%,0.00%,0.00%,0.00%,0.00%,0.00%,0.00%,0.00%,1.60%,0.00%,0.00%,0.00%,0.00%,0.00%,0.00%,0.00%,0.00%,6.39%,0.00%,0.00%,11.87%,0.00%,0.00%,0.00%,0.00%,0.00%,0.00%,0.00%,0.00%,0.00%,0.00%,0.00%,0.00%,0.00%,0.00%
C:maj,0.07%,0.00%,1.13%,0.00%,0.07%,6.30%,0.75%,0.23%,0.18%,0.00%,0.00%,0.43%,0.00%,0.08%,0.06%,0.00%,0.06%,0.00%,0.06%,0.30%,1.37%,0.00%,0.01%,2.93%,0.55%,0.00%,0.18%,0.00%,0.00%,4.36%,0.05%,0.32%,0.50%,0.00%,0.07%,0.01%,0.00%,0.03%,0.42%,0.01%,0.05%,0.09%,0.01%,0.01%,0.00%,0.32%,0.02%,0.01%,11.56%,0.16%,1.27%,0.67%,0.13%,2.64%,0.60%,0.25%,0.04%,11.72%,0.03%,0.05%,8.17%,0.89%,0.54%,0.71%,0.12%,0.00%,0.71%,0.00%,0.02%,3.10%,0.17%,0.10%,0.07%,0.03%,0.00%,0.45%,0.00%,0.10%,0.07%,0.00%,0.00%,0.01%,0.00%,0.04%,0.14%,0.00%,0.00%,0.28%,0.01%,0.00%,0.01%,0.00%,0.00%,15.47%,0.02%,0.48%,2.68%,0.29%,1.30%,0.10%,0.36%,0.00%,9.82%,0.03%,0.20%,1.52%,0.09%,0.21%,0.27%,1.26%,0.00%
C:maj6,0.00%,0.00%,1.21%,0.00%,0.00%,2.56%,1.29%,0.00%,0.00%,0.00%,0.00%,0.00%,0.00%,0.00%,0.00%,0.00%,0.00%,0.00%,0.00%,1.08%,3.44%,0.00%,0.00%,0.00%,2.27%,0.00%,0.00%,0.00%,0.00%,6.45%,0.00%,3.26%,0.00%,0.00%,0.00%,0.00%,0.00%,0.00%,0.00%,0.00%,0.00%,0.00%,0.00%,0.00%,0.00%,0.00%,0.00%,0.00%,20.36%,1.07%,0.00%,0.00%,0.00%,4.55%,3.26%,0.00%,0.00%,17.39%,0.00%,0.00%,9.89%,0.00%,0.00%,5.15%,0.00%,0.00%,0.00%,0.00%,0.00%,0.00%,4.56%,0.00%,0.00%,0.00%,0.00%,0.00%,0.00%,0.00%,0.00%,0.00%,0.00%,0.00%,0.00%,0.00%,0.00%,0.00%,0.00%,0.00%,0.00%,0.00%,0.00%,0.00%,0.00%,3.13%,0.00%,0.00%,0.00%,0.00%,0.00%,0.00%,0.00%,0.00%,4.36%,0.00%,0.00%,1.19%,0.00%,3.55%,0.00%,0.00%,0.00%
C:maj7,0.00%,0.00%,0.54%,0.00%,0.00%,23.98%,1.28%,1.68%,0.80%,0.00%,0.00%,0.00%,0.00%,0.00%,0.00%,0.00%,0.00%,0.00%,0.00%,0.00%,0.26%,0.00%,0.00%,1.66%,2.44%,0.31%,0.72%,0.00%,0.00%,0.24%,0.00%,0.00%,0.59%,0.00%,0.00%,0.00%,0.00%,0.00%,0.00%,0.00%,0.00%,0.00%,0.00%,0.00%,0.00%,0.35%,0.00%,0.00%,8.82%,1.32%,2.38%,0.42%,0.00%,3.97%,0.00%,1.05%,0.00%,6.30%,1.31%,0.00%,4.43%,0.91%,0.36%,0.68%,0.00%,0.00%,0.92%,0.00%,0.31%,4.50%,3.41%,0.70%,1.67%,0.00%,0.00%,0.00%,0.00%,0.00%,0.00%,0.00%,0.00%,0.00%,0.00%,0.00%,0.00%,0.00%,0.00%,0.00%,0.27%,0.00%,0.00%,0.00%,0.00%,8.56%,0.21%,1.25%,0.00%,0.00%,0.71%,0.00%,0.00%,0.00%,7.23%,0.00%,0.27%,0.00%,0.00%,1.63%,0.44%,1.15%,0.00%
C:min,0.00%,0.06%,0.00%,0.00%,0.00%,0.00%,0.00%,0.03%,0.00%,0.00%,0.00%,11.31%,0.00%,1.30%,0.08%,0.05%,0.14%,0.00%,0.03%,0.00%,0.10%,0.00%,0.03%,0.17%,0.05%,0.00%,0.00%,0.07%,0.00%,9.19%,0.53%,0.00%,2.70%,0.21%,0.21%,0.15%,0.00%,0.00%,4.34%,0.00%,0.08%,0.02%,0.02%,0.07%,0.00%,0.00%,0.00%,0.00%,1.27%,0.00%,0.00%,11.45%,1.99%,2.07%,0.84%,0.03%,0.22%,1.87%,0.00%,0.00%,1.47%,0.48%,0.03%,0.31%,0.00%,0.00%,0.14%,0.00%,0.00%,0.14%,0.00%,0.03%,0.00%,0.04%,0.00%,5.67%,0.05%,0.57%,0.06%,0.00%,0.12%,0.09%,0.00%,0.04%,0.30%,0.00%,0.04%,0.03%,0.00%,0.10%,0.00%,0.29%,0.00%,9.05%,0.04%,0.00%,17.54%,1.09%,0.78%,0.61%,0.00%,0.00%,2.17%,0.00%,0.00%,6.81%,0.19%,0.03%,0.31%,0.70%,0.00%
C:min7,0.00%,0.00%,0.00%,0.00%,0.00%,0.00%,0.00%,0.00%,0.00%,0.62%,0.00%,10.86%,0.00%,0.47%,0.00%,0.00%,0.61%,0.00%,0.00%,0.00%,0.00%,0.00%,0.00%,0.00%,0.00%,0.00%,0.00%,1.35%,0.00%,6.13%,0.13%,0.48%,1.34%,1.87%,0.55%,0.00%,0.27%,0.00%,4.96%,0.00%,0.83%,0.00%,0.00%,0.58%,0.00%,0.44%,0.34%,0.00%,3.12%,0.00%,0.00%,9.82%,6.11%,1.56%,2.74%,0.00%,0.00%,0.30%,0.00%,0.00%,0.00%,2.79%,0.00%,0.00%,0.00%,0.00%,0.00%,0.00%,0.00%,0.00%,0.00%,0.00%,0.00%,0.00%,0.00%,3.58%,0.00%,0.40%,0.52%,0.20%,1.12%,0.80%,0.00%,0.00%,0.26%,0.00%,0.00%,0.00%,0.00%,0.00%,0.00%,1.02%,0.00%,7.62%,0.00%,0.00%,13.02%,4.47%,0.57%,2.04%,0.00%,0.00%,0.31%,0.00%,0.00%,3.66%,1.24%,0.17%,0.75%,0.00%,0.00%
C:sus2,0.00%,0.00%,0.13%,0.00%,0.00%,2.68%,0.96%,0.52%,0.21%,0.00%,0.00%,2.74%,0.07%,1.17%,0.00%,0.00%,0.00%,0.00%,0.00%,0.87%,0.50%,0.00%,0.00%,1.37%,1.40%,0.00%,0.00%,0.00%,0.00%,0.91%,0.00%,0.00%,0.00%,0.00%,0.61%,0.26%,0.00%,0.00%,0.00%,0.00%,0.00%,0.00%,0.00%,0.00%,0.00%,0.00%,0.00%,0.00%,26.34%,0.11%,2.80%,11.35%,1.05%,4.29%,2.14%,0.53%,0.00%,2.62%,0.00%,0.00%,1.93%,0.99%,0.37%,0.95%,0.12%,0.15%,0.00%,0.00%,0.00%,4.16%,2.07%,0.00%,0.14%,0.00%,0.00%,1.13%,0.00%,2.51%,0.00%,0.00%,0.08%,0.00%,0.00%,0.00%,0.00%,0.00%,0.00%,0.00%,0.00%,0.00%,0.00%,0.00%,0.00%,5.57%,0.00%,0.17%,1.14%,0.59%,1.38%,0.37%,0.00%,0.00%,6.44%,0.00%,0.00%,1.80%,0.24%,0.47%,0.29%,1.33%,0.00%
C:sus4,0.00%,0.00%,0.20%,0.00%,0.00%,0.82%,0.00%,0.27%,0.00%,0.00%,0.00%,2.17%,0.00%,0.00%,0.00%,0.00%,0.00%,0.00%,0.00%,0.33%,0.00%,0.00%,0.00%,0.00%,0.00%,0.00%,0.00%,0.00%,0.00%,4.91%,0.28%,0.20%,0.35%,4.81%,0.24%,0.17%,0.00%,0.00%,0.68%,0.00%,0.52%,0.00%,0.00%,0.00%,0.00%,1.77%,0.71%,0.00%,26.37%,0.48%,0.22%,6.79%,2.34%,5.75%,3.77%,0.00%,0.00%,0.78%,0.00%,0.00%,3.36%,3.58%,0.00%,0.70%,0.00%,0.00%,0.00%,0.00%,0.00%,0.00%,0.95%,0.00%,0.00%,0.36%,0.00%,2.40%,0.45%,1.12%,0.00%,0.00%,0.00%,0.00%,0.00%,0.00%,0.00%,0.00%,0.20%,0.00%,0.00%,0.00%,0.00%,0.00%,0.00%,10.69%,0.47%,1.41%,3.19%,0.36%,1.29%,0.91%,0.00%,0.00%,1.69%,0.00%,0.00%,0.41%,0.48%,0.33%,0.00%,0.73%,0.00%
D:7,0.00%,0.00%,0.00%,0.00%,0.00%,9.13%,0.00%,3.53%,0.00%,0.00%,0.00%,0.00%,0.00%,0.00%,0.69%,0.00%,0.00%,0.00%,0.00%,0.51%,0.00%,0.00%,0.00%,5.88%,1.28%,0.00%,0.63%,0.00%,0.00%,0.83%,0.00%,3.22%,0.00%,0.00%,0.00%,0.00%,0.00%,0.00%,0.00%,0.00%,0.00%,0.00%,0.00%,0.00%,0.00%,0.00%,0.00%,0.00%,4.13%,0.00%,0.42%,0.00%,0.00%,0.34%,0.00%,2.54%,0.00%,7.91%,0.00%,0.00%,0.00%,0.00%,0.58%,1.18%,0.00%,0.00%,3.15%,0.00%,0.00%,1.66%,0.48%,0.00%,0.62%,0.00%,0.00%,1.77%,0.00%,0.00%,0.00%,0.00%,0.00%,0.00%,0.00%,0.51%,1.61%,0.00%,0.00%,0.00%,0.00%,0.00%,0.00%,1.00%,0.00%,5.45%,0.31%,0.00%,0.00%,0.00%,0.00%,0.00%,0.94%,0.00%,27.02%,0.00%,0.69%,8.41%,0.67%,1.44%,1.46%,0.00%,0.00%
D:dim,0.00%,0.00%,1.22%,0.00%,0.00%,0.00%,0.00%,0.00%,0.00%,0.00%,0.00%,0.98%,0.00%,0.00%,0.00%,0.00%,0.00%,0.00%,0.00%,0.00%,0.00%,0.00%,0.00%,0.00%,0.00%,0.00%,0.00%,0.00%,0.00%,1.30%,0.00%,0.00%,34.48%,0.00%,0.00%,0.00%,0.00%,0.00%,3.69%,0.00%,2.84%,0.00%,0.00%,0.00%,0.00%,0.00%,0.00%,0.00%,3.66%,0.00%,0.00%,5.28%,0.00%,0.00%,0.00%,0.00%,0.00%,0.00%,0.00%,0.00%,0.00%,0.00%,0.00%,0.00%,0.00%,0.00%,0.00%,0.00%,0.00%,0.00%,0.00%,0.00%,0.00%,0.00%,0.00%,3.23%,0.00%,0.00%,11.26%,3.90%,0.00%,1.70%,0.00%,0.00%,0.00%,0.00%,0.00%,0.00%,0.00%,0.00%,0.00%,0.00%,0.00%,0.00%,0.00%,0.00%,0.00%,0.00%,0.00%,0.00%,0.00%,0.00%,26.47%,0.00%,0.00%,0.00%,0.00%,0.00%,0.00%,0.00%,0.00%
D:maj,0.16%,0.00%,7.78%,0.21%,0.05%,1.52%,0.07%,0.35%,0.34%,0.08%,0.08%,0.31%,0.00%,0.00%,0.14%,0.01%,0.03%,0.00%,0.00%,0.00%,1.28%,0.00%,0.00%,6.07%,1.00%,0.23%,0.06%,0.00%,0.02%,0.41%,0.00%,0.05%,0.01%,0.01%,0.00%,0.00%,0.04%,0.26%,0.58%,0.00%,0.00%,2.30%,0.30%,0.02%,0.41%,0.00%,0.00%,0.00%,5.57%,0.11%,0.09%,0.49%,0.00%,0.11%,0.01%,0.77%,0.00%,10.66%,0.16%,0.63%,0.96%,0.23%,1.87%,0.86%,0.27%,0.02%,8.71%,0.00%,0.02%,9.28%,0.58%,0.37%,0.67%,0.00%,0.07%,0.76%,0.00%,0.06%,0.08%,0.00%,0.06%,0.00%,0.11%,0.06%,0.68%,0.00%,0.02%,3.05%,0.23%,0.05%,0.12%,0.03%,0.00%,0.71%,0.02%,0.09%,0.00%,0.00%,0.03%,0.05%,0.23%,0.00%,19.57%,0.09%,0.65%,3.48%,0.06%,1.24%,0.63%,1.16%,0.00%
D:maj6,0.00%,0.00%,0.00%,0.00%,0.00%,3.21%,1.43%,0.00%,0.00%,0.00%,0.00%,0.00%,0.00%,0.00%,0.00%,0.00%,0.00%,0.00%,0.00%,0.00%,0.00%,0.00%,0.00%,9.84%,6.55%,1.63%,1.54%,0.00%,0.00%,0.00%,0.00%,0.00%,0.00%,0.00%,0.00%,0.00%,0.00%,0.00%,0.00%,0.00%,0.00%,0.00%,0.00%,0.00%,0.00%,0.00%,0.00%,0.00%,7.72%,5.16%,2.20%,0.00%,0.00%,0.00%,0.00%,0.00%,0.00%,24.17%,1.62%,0.00%,0.00%,0.00%,0.00%,1.36%,0.00%,0.00%,2.20%,4.73%,0.00%,7.94%,4.04%,2.41%,0.00%,0.00%,0.00%,0.00%,0.00%,0.00%,0.00%,0.00%,0.00%,0.00%,0.00%,0.00%,0.00%,0.00%,0.00%,0.00%,0.00%,0.00%,0.00%,0.00%,0.00%,0.00%,0.00%,0.00%,0.00%,0.00%,0.00%,0.00%,0.00%,0.00%,7.95%,0.00%,0.00%,0.00%,0.00%,4.30%,0.00%,0.00%,0.00%
D:maj7,0.00%,0.00%,1.80%,0.00%,1.84%,0.00%,0.00%,2.33%,1.50%,0.00%,0.00%,0.00%,0.00%,0.00%,0.00%,0.00%,0.00%,0.00%,0.00%,0.00%,1.15%,0.00%,0.00%,26.04%,5.10%,5.10%,0.35%,0.65%,0.00%,0.00%,0.00%,0.00%,0.00%,0.00%,0.00%,0.00%,0.00%,0.00%,0.73%,0.00%,0.00%,0.35%,0.00%,0.00%,0.61%,0.00%,0.00%,0.00%,0.00%,0.00%,0.00%,0.00%,0.00%,0.00%,0.00%,1.17%,0.00%,11.20%,0.00%,4.10%,0.00%,0.00%,3.34%,0.55%,0.62%,0.00%,3.94%,0.56%,0.00%,5.02%,0.55%,0.00%,0.51%,0.00%,0.43%,0.00%,0.00%,0.00%,0.00%,0.00%,0.00%,0.00%,0.44%,0.00%,0.00%,0.00%,0.00%,1.15%,1.74%,0.00%,0.00%,0.00%,0.00%,0.56%,0.00%,0.00%,0.00%,0.00%,0.00%,0.00%,0.00%,0.00%,13.47%,0.00%,1.42%,0.00%,0.00%,1.09%,0.00%,0.57%,0.00%
D:min,0.18%,0.00%,1.10%,0.00%,0.04%,8.40%,0.61%,0.22%,0.20%,0.00%,0.19%,0.15%,0.00%,0.00%,0.00%,0.00%,0.00%,0.00%,0.00%,0.53%,0.04%,0.00%,0.00%,0.07%,0.00%,0.00%,0.00%,0.00%,0.00%,7.96%,0.02%,0.76%,0.09%,0.00%,0.19%,0.02%,0.00%,0.02%,0.16%,0.00%,0.00%,0.15%,0.00%,0.00%,0.00%,0.05%,0.00%,0.00%,8.32%,0.32%,0.00%,2.32%,0.11%,0.71%,0.10%,0.03%,0.02%,1.06%,0.00%,0.00%,12.05%,1.33%,1.42%,0.77%,0.00%,0.38%,1.93%,0.00%,0.00%,4.02%,0.28%,0.00%,0.43%,0.00%,0.00%,4.71%,0.00%,0.13%,0.29%,0.00%,0.09%,0.00%,0.00%,0.00%,0.03%,0.00%,0.00%,0.00%,0.00%,0.00%,0.00%,0.46%,0.00%,4.41%,0.12%,0.28%,0.47%,0.00%,0.24%,0.14%,0.21%,0.00%,13.12%,0.00%,0.06%,14.66%,0.82%,1.54%,0.77%,0.67%,0.00%
D:min7,0.19%,0.00%,0.28%,0.00%,0.00%,3.33%,1.09%,0.00%,0.00%,0.00%,0.00%,1.01%,0.12%,0.00%,0.00%,0.00%,0.12%,0.00%,0.00%,0.25%,0.00%,0.00%,0.00%,1.36%,0.00%,0.00%,0.00%,0.00%,0.00%,9.77%,0.19%,2.16%,0.00%,0.00%,0.00%,0.00%,0.00%,0.00%,0.00%,0.00%,0.00%,0.00%,0.00%,0.00%,0.00%,0.00%,0.00%,0.00%,7.72%,0.34%,0.50%,2.42%,1.61%,0.52%,0.72%,0.00%,0.00%,0.89%,0.00%,0.00%,12.72%,2.15%,1.83%,3.73%,0.00%,0.00%,0.58%,0.00%,0.00%,0.65%,1.74%,0.00%,0.00%,0.00%,0.00%,3.01%,0.00%,0.31%,0.00%,0.00%,0.00%,0.00%,0.00%,0.00%,0.00%,0.00%,0.00%,0.00%,0.00%,0.00%,0.00%,0.38%,0.00%,8.76%,0.00%,2.29%,0.21%,0.00%,0.49%,0.71%,1.67%,0.00%,6.52%,0.00%,0.00%,7.46%,5.77%,0.19%,4.26%,0.00%,0.00%
D:sus2,0.00%,0.00%,4.27%,0.26%,0.00%,1.61%,0.40%,0.83%,0.92%,0.00%,0.00%,0.00%,0.00%,0.44%,0.00%,0.00%,0.00%,0.00%,0.00%,0.00%,0.00%,0.00%,0.00%,2.67%,0.43%,0.00%,0.00%,0.27%,0.16%,1.16%,0.00%,0.00%,0.00%,0.00%,0.00%,0.00%,0.00%,0.00%,0.09%,0.00%,0.00%,1.13%,0.35%,0.00%,0.00%,0.00%,0.00%,0.00%,3.67%,0.00%,0.18%,0.00%,0.00%,0.99%,0.00%,2.27%,0.00%,29.54%,0.21%,1.21%,13.60%,1.22%,3.74%,0.85%,0.00%,0.00%,5.47%,0.00%,0.00%,1.38%,0.66%,2.38%,0.56%,0.00%,0.00%,0.11%,0.00%,0.00%,0.16%,0.00%,0.00%,0.00%,0.00%,0.00%,0.09%,0.00%,0.00%,1.06%,0.18%,0.00%,0.12%,0.00%,0.00%,0.54%,0.00%,0.39%,0.12%,0.00%,0.24%,0.00%,0.12%,0.00%,7.32%,0.20%,0.74%,3.06%,0.00%,1.33%,0.62%,0.66%,0.00%
D:sus4,0.00%,0.00%,0.47%,0.00%,0.00%,0.65%,1.04%,1.48%,0.49%,0.00%,0.00%,0.28%,0.00%,0.00%,0.00%,0.00%,0.00%,0.00%,0.61%,0.00%,0.00%,0.00%,0.00%,0.45%,0.83%,0.00%,0.26%,0.00%,0.00%,4.43%,0.00%,0.66%,0.00%,0.00%,0.59%,0.00%,0.00%,0.00%,0.00%,0.00%,0.00%,0.00%,0.18%,0.00%,0.00%,0.00%,0.00%,0.00%,7.71%,0.00%,0.19%,0.96%,0.26%,1.70%,0.70%,0.62%,0.00%,22.93%,0.31%,0.00%,7.73%,0.96%,2.14%,2.75%,0.00%,0.00%,0.26%,0.00%,0.00%,3.30%,0.92%,0.29%,0.85%,0.00%,0.47%,5.81%,0.00%,0.00%,0.00%,0.00%,0.00%,0.00%,0.00%,0.26%,0.00%,0.00%,0.00%,0.41%,0.00%,0.00%,0.00%,0.00%,0.00%,1.59%,0.00%,0.00%,0.00%,0.00%,1.10%,0.00%,0.38%,0.00%,12.15%,0.61%,0.40%,4.47%,0.81%,1.94%,2.27%,0.31%,0.00%
E:7,0.00%,0.00%,32.20%,0.00%,2.51%,16.76%,0.58%,1.27%,1.18%,0.00%,0.64%,0.00%,0.00%,0.00%,0.00%,0.00%,0.00%,0.00%,0.00%,0.00%,0.00%,0.00%,0.00%,0.99%,1.36%,1.27%,0.66%,0.00%,0.00%,0.00%,0.00%,0.00%,0.00%,0.00%,0.00%,0.00%,0.00%,0.00%,1.38%,0.00%,0.00%,0.83%,0.92%,0.00%,0.00%,0.00%,0.00%,0.00%,2.12%,0.00%,0.67%,0.00%,0.00%,0.70%,0.00%,0.71%,0.00%,6.31%,0.00%,0.00%,0.00%,0.00%,0.00%,0.00%,1.38%,0.00%,14.59%,0.00%,2.96%,0.00%,0.00%,0.62%,1.85%,0.00%,0.00%,0.00%,0.00%,0.00%,0.00%,0.00%,0.00%,0.00%,0.00%,0.00%,0.00%,0.00%,0.00%,0.97%,0.51%,0.00%,0.00%,0.00%,0.00%,2.37%,0.00%,0.89%,0.00%,0.00%,0.00%,0.00%,0.00%,0.00%,0.00%,0.00%,0.00%,0.00%,0.00%,0.00%,0.00%,0.81%,0.00%
E:dim,12.85%,0.00%,15.08%,0.00%,0.00%,2.57%,0.00%,0.00%,0.00%,0.00%,0.00%,2.38%,0.00%,0.00%,0.00%,0.00%,0.00%,0.00%,0.00%,0.00%,5.05%,0.00%,0.00%,0.00%,0.00%,0.00%,0.00%,0.00%,0.00%,2.01%,0.00%,0.00%,0.00%,0.00%,0.00%,0.00%,0.00%,0.00%,0.00%,0.00%,0.00%,2.80%,0.00%,0.00%,0.00%,0.00%,0.00%,0.00%,4.36%,0.00%,0.00%,26.83%,1.49%,0.00%,0.00%,0.00%,0.00%,9.61%,0.00%,0.00%,0.00%,0.00%,0.00%,0.00%,0.00%,0.00%,0.00%,0.00%,0.00%,0.00%,0.00%,0.00%,1.91%,3.68%,0.00%,7.19%,0.00%,0.00%,0.00%,0.00%,0.00%,0.00%,0.00%,0.00%,0.00%,0.00%,0.00%,0.00%,0.00%,0.00%,0.00%,0.00%,0.00%,2.19%,0.00%,0.00%,0.00%,0.00%,0.00%,0.00%,0.00%,0.00%,0.00%,0.00%,0.00%,0.00%,0.00%,0.00%,0.00%,0.00%,0.00%
E:maj,0.02%,0.00%,16.65%,0.02%,0.60%,5.69%,0.15%,1.56%,0.24%,0.09%,0.06%,0.51%,0.00%,0.00%,3.70%,0.57%,0.04%,0.14%,0.01%,0.00%,7.47%,0.05%,0.06%,1.23%,0.03%,0.17%,0.26%,0.00%,0.30%,0.07%,0.00%,0.00%,0.03%,0.00%,0.02%,0.02%,0.05%,0.05%,1.47%,0.00%,0.00%,7.55%,0.26%,0.29%,0.14%,0.07%,0.00%,0.02%,0.82%,0.00%,0.08%,0.14%,0.00%,0.04%,0.00%,0.00%,0.02%,3.38%,0.15%,0.15%,0.44%,0.00%,0.37%,0.04%,1.17%,0.07%,12.01%,0.05%,0.76%,1.00%,0.04%,1.19%,0.51%,0.02%,0.12%,0.85%,0.00%,0.00%,3.29%,0.49%,0.00%,0.14%,0.35%,0.00%,9.28%,0.00%,0.00%,8.04%,0.82%,0.69%,0.57%,0.00%,0.02%,0.78%,0.00%,0.06%,0.03%,0.02%,0.02%,0.00%,0.02%,0.03%,0.54%,0.03%,0.02%,0.08%,0.00%,0.36%,0.00%,1.21%,0.00%
E:maj6,0.00%,0.00%,10.62%,0.00%,0.00%,0.00%,0.00%,2.73%,0.00%,0.00%,0.00%,0.00%,0.00%,0.00%,2.82%,3.19%,0.00%,0.00%,0.00%,0.00%,0.00%,0.00%,0.00%,0.00%,0.00%,0.00%,0.00%,0.00%,0.00%,0.00%,0.00%,0.00%,0.00%,0.00%,0.00%,0.00%,0.00%,0.00%,0.00%,0.00%,0.00%,0.00%,1.97%,0.00%,1.90%,0.00%,0.00%,0.00%,1.92%,0.00%,0.00%,0.00%,0.00%,0.00%,0.00%,0.00%,0.00%,14.34%,0.00%,0.00%,0.00%,0.00%,0.00%,0.00%,0.00%,0.00%,30.06%,0.00%,0.00%,1.92%,0.00%,0.00%,7.99%,0.00%,0.00%,1.84%,0.00%,0.00%,0.00%,0.00%,0.00%,0.00%,1.36%,0.00%,6.87%,0.00%,0.00%,6.49%,1.36%,0.00%,2.62%,0.00%,0.00%,0.00%,0.00%,0.00%,0.00%,0.00%,0.00%,0.00%,0.00%,0.00%,0.00%,0.00%,0.00%,0.00%,0.00%,0.00%,0.00%,0.00%,0.00%
E:maj7,0.00%,0.00%,8.35%,0.00%,1.34%,0.00%,0.00%,0.00%,0.00%,0.00%,0.00%,1.60%,0.00%,0.00%,6.52%,3.39%,0.40%,0.49%,0.00%,0.00%,13.24%,0.00%,0.58%,0.00%,0.00%,0.00%,0.00%,0.00%,0.70%,0.00%,0.00%,0.00%,0.00%,0.00%,0.00%,0.00%,0.72%,0.00%,2.53%,0.00%,0.00%,2.72%,5.95%,0.00%,0.00%,0.00%,0.00%,0.00%,0.36%,0.00%,0.00%,0.00%,0.00%,0.00%,0.00%,0.00%,0.00%,2.36%,0.00%,0.00%,0.45%,0.00%,0.50%,0.00%,1.63%,0.00%,12.85%,0.00%,4.02%,0.00%,0.00%,1.58%,0.00%,0.00%,0.00%,0.80%,0.00%,1.48%,3.42%,2.10%,0.00%,0.00%,1.18%,0.00%,11.49%,0.30%,0.00%,0.95%,0.39%,0.32%,4.14%,0.00%,0.00%,0.00%,0.00%,0.00%,0.00%,0.00%,0.00%,0.00%,0.00%,0.00%,0.43%,0.00%,0.00%,0.00%,0.00%,0.00%,0.00%,0.72%,0.00%
E:min,0.53%,0.00%,10.05%,0.00%,0.00%,17.97%,1.06%,0.83%,0.47%,0.00%,0.00%,0.05%,0.00%,0.03%,0.08%,0.00%,0.00%,0.00%,0.10%,0.00%,0.69%,0.00%,0.00%,7.96%,0.84%,0.05%,0.00%,0.00%,0.00%,0.06%,0.00%,0.00%,0.00%,0.00%,0.00%,0.00%,0.00%,0.35%,0.06%,0.00%,0.00%,0.12%,0.00%,0.00%,0.00%,0.00%,0.00%,0.00%,11.79%,0.02%,0.35%,0.17%,0.00%,0.08%,0.14%,0.10%,0.00%,7.43%,0.16%,0.02%,4.72%,0.36%,0.78%,0.46%,0.25%,0.00%,1.61%,0.00%,0.15%,9.91%,1.36%,0.69%,0.93%,0.00%,0.15%,0.18%,0.00%,0.08%,0.17%,0.00%,0.00%,0.00%,0.08%,0.07%,1.34%,0.00%,0.00%,2.93%,0.06%,0.00%,0.23%,0.00%,0.00%,5.64%,0.10%,0.44%,0.10%,0.00%,0.17%,0.00%,0.05%,0.00%,4.35%,0.14%,0.14%,0.15%,0.00%,0.15%,0.02%,0.48%,0.00%
E:min7,1.33%,0.00%,4.50%,0.00%,0.00%,9.07%,7.12%,0.43%,0.93%,0.00%,0.36%,0.00%,0.00%,0.00%,0.00%,0.00%,0.00%,0.00%,0.00%,0.26%,0.00%,0.00%,0.00%,4.33%,4.20%,0.00%,0.22%,0.00%,0.00%,0.00%,0.00%,0.00%,0.00%,0.00%,0.00%,0.00%,0.00%,0.00%,1.86%,0.00%,0.00%,0.00%,0.00%,0.00%,0.00%,0.00%,0.00%,0.00%,8.66%,0.00%,1.07%,1.03%,0.00%,0.76%,0.00%,0.26%,0.00%,10.53%,0.70%,0.00%,1.39%,1.88%,0.81%,1.64%,0.72%,0.00%,2.50%,0.00%,0.00%,7.86%,1.77%,1.41%,2.38%,0.00%,0.00%,0.00%,0.00%,0.00%,0.00%,0.00%,0.00%,0.00%,0.00%,0.00%,0.00%,0.00%,0.00%,1.36%,1.05%,0.00%,0.00%,0.33%,0.00%,5.68%,0.34%,1.19%,0.00%,0.00%,1.06%,0.00%,0.23%,0.00%,6.06%,0.26%,0.41%,0.27%,0.00%,1.55%,0.25%,0.00%,0.00%
E:sus2,0.00%,0.00%,5.51%,0.00%,1.01%,1.42%,0.00%,3.71%,0.25%,1.68%,0.00%,0.97%,0.00%,0.00%,0.40%,2.27%,0.00%,0.00%,0.52%,0.00%,5.28%,0.19%,0.00%,1.90%,0.00%,0.73%,0.00%,0.00%,0.00%,0.00%,0.00%,0.00%,0.00%,0.00%,0.00%,0.00%,0.00%,0.00%,0.55%,0.00%,0.00%,1.17%,0.30%,0.00%,2.32%,0.00%,0.00%,0.37%,4.44%,0.00%,1.24%,0.00%,0.00%,0.00%,0.00%,0.00%,0.00%,4.41%,0.71%,0.00%,0.00%,0.00%,0.19%,0.00%,0.85%,0.00%,20.33%,0.27%,0.00%,10.75%,3.28%,3.30%,1.19%,0.00%,0.00%,0.00%,0.00%,0.00%,0.22%,0.92%,0.00%,0.91%,0.86%,0.00%,1.56%,0.00%,0.00%,1.91%,1.01%,0.49%,1.39%,0.00%,0.00%,0.00%,0.00%,0.00%,0.00%,0.00%,0.00%,0.00%,0.00%,0.00%,5.67%,0.00%,0.59%,0.00%,0.00%,1.17%,0.00%,1.81%,0.00%
E:sus4,0.28%,0.00%,7.96%,0.00%,0.00%,11.79%,0.81%,0.69%,0.36%,0.00%,0.00%,0.00%,0.00%,0.00%,0.34%,0.00%,0.00%,0.00%,0.00%,0.00%,0.24%,0.00%,0.00%,1.86%,0.30%,0.00%,0.35%,0.00%,0.00%,0.00%,0.00%,0.00%,0.00%,0.00%,0.00%,0.00%,0.00%,0.00%,0.36%,0.00%,0.00%,1.99%,0.16%,0.00%,0.00%,0.00%,0.00%,0.00%,2.64%,0.00%,0.71%,0.00%,0.00%,0.00%,0.41%,0.00%,0.00%,6.81%,0.00%,0.00%,2.63%,0.33%,0.54%,1.02%,0.28%,0.00%,28.35%,0.23%,0.00%,8.20%,0.84%,0.99%,6.35%,0.00%,0.00%,0.00%,0.00%,0.00%,0.00%,0.00%,0.00%,0.00%,0.00%,0.00%,0.31%,0.00%,0.00%,1.98%,0.56%,0.00%,0.38%,0.00%,0.00%,2.40%,0.00%,0.23%,0.00%,0.00%,0.00%,0.00%,0.00%,0.00%,5.05%,0.00%,0.63%,0.00%,0.00%,0.00%,0.00%,0.65%,0.00%
Eb:7,0.00%,0.00%,0.00%,0.00%,0.00%,0.00%,0.00%,0.00%,0.00%,0.61%,0.00%,28.38%,0.00%,0.47%,14.19%,6.07%,2.80%,5.78%,0.00%,0.00%,1.54%,0.00%,0.00%,0.00%,0.00%,0.00%,0.00%,0.00%,0.00%,0.00%,0.00%,0.00%,1.08%,1.25%,0.68%,0.00%,0.00%,0.00%,3.91%,0.00%,0.00%,0.00%,0.00%,0.00%,0.00%,0.00%,0.00%,0.00%,0.00%,0.00%,0.00%,3.66%,5.46%,0.00%,1.11%,0.00%,0.00%,0.00%,0.00%,0.00%,0.00%,0.00%,0.00%,0.00%,0.00%,0.00%,0.43%,0.00%,0.68%,0.00%,0.00%,0.00%,0.00%,2.00%,0.00%,8.92%,0.00%,0.00%,1.96%,0.43%,0.71%,0.00%,0.00%,0.00%,1.33%,0.00%,0.50%,0.00%,0.00%,0.00%,0.00%,0.82%,0.00%,0.00%,0.00%,0.00%,3.36%,0.00%,0.00%,0.35%,0.00%,0.00%,0.00%,0.00%,0.75%,0.00%,0.00%,0.00%,0.00%,0.79%,0.00%
Eb:dim,0.00%,0.00%,0.00%,0.00%,0.00%,0.00%,0.00%,0.00%,0.00%,0.00%,0.00%,15.44%,0.00%,0.00%,4.95%,0.00%,0.00%,0.00%,0.00%,0.00%,2.48%,0.00%,0.00%,7.46%,0.00%,0.00%,0.00%,0.00%,0.00%,0.00%,0.00%,0.00%,0.00%,0.00%,0.00%,0.00%,0.00%,0.00%,2.61%,0.00%,0.00%,3.23%,0.00%,0.00%,0.00%,0.00%,0.00%,0.00%,0.00%,0.00%,0.00%,0.00%,0.00%,0.00%,0.00%,0.00%,0.00%,27.85%,0.00%,0.00%,0.00%,0.00%,0.00%,0.00%,0.00%,0.00%,7.18%,0.00%,0.00%,4.11%,0.00%,0.00%,11.50%,0.00%,11.12%,2.06%,0.00%,0.00%,0.00%,0.00%,0.00%,0.00%,0.00%,0.00%,0.00%,0.00%,0.00%,0.00%,0.00%,0.00%,0.00%,0.00%,0.00%,0.00%,0.00%,0.00%,0.00%,0.00%,0.00%,0.00%,0.00%,0.00%,0.00%,0.00%,0.00%,0.00%,0.00%,0.00%,0.00%,0.00%,0.00%
Eb:maj,0.00%,0.12%,0.10%,0.00%,0.00%,0.09%,0.04%,0.00%,0.00%,0.04%,0.02%,14.30%,0.02%,0.85%,4.37%,0.14%,0.99%,0.28%,0.00%,0.00%,0.25%,0.00%,0.05%,0.17%,0.00%,0.00%,0.00%,0.06%,0.00%,7.06%,0.02%,0.09%,0.95%,0.04%,0.11%,0.12%,0.06%,0.03%,5.06%,0.09%,0.00%,0.23%,0.00%,0.18%,0.03%,0.09%,0.00%,0.00%,1.34%,0.00%,0.00%,7.70%,0.69%,0.10%,0.19%,0.09%,0.27%,1.73%,0.00%,0.00%,2.92%,0.17%,0.00%,0.17%,0.00%,0.00%,0.66%,0.00%,0.03%,0.09%,0.00%,0.00%,0.00%,0.44%,0.00%,11.08%,0.30%,1.33%,0.79%,0.05%,1.41%,0.58%,0.00%,0.09%,0.40%,0.00%,0.00%,0.08%,0.00%,0.00%,0.00%,0.19%,0.00%,14.91%,0.07%,0.00%,8.07%,0.97%,0.43%,0.83%,0.00%,0.00%,1.24%,0.00%,0.00%,2.98%,0.34%,0.04%,0.06%,1.15%,0.00%
Eb:maj6,0.00%,0.00%,0.00%,0.00%,0.00%,0.00%,0.00%,0.00%,0.00%,0.00%,0.00%,1.10%,0.00%,2.21%,0.00%,0.00%,0.00%,0.00%,0.00%,0.00%,0.00%,0.00%,0.00%,0.00%,0.00%,0.00%,0.00%,0.00%,0.00%,6.30%,1.10%,0.00%,0.00%,0.00%,0.00%,4.30%,0.00%,0.00%,10.62%,3.78%,0.00%,0.00%,0.00%,0.00%,0.00%,0.00%,0.00%,0.00%,0.00%,0.00%,0.00%,31.18%,2.91%,1.28%,0.00%,0.00%,0.00%,2.44%,0.00%,0.00%,2.17%,0.00%,0.00%,0.00%,0.00%,0.00%,0.00%,0.00%,0.00%,0.00%,0.00%,0.00%,0.00%,0.00%,0.00%,6.38%,0.00%,1.28%,0.00%,0.00%,9.21%,1.10%,0.00%,0.00%,0.00%,0.00%,0.00%,0.00%,0.00%,0.00%,0.00%,0.00%,0.00%,1.46%,0.00%,0.00%,3.85%,3.82%,1.86%,1.62%,0.00%,0.00%,0.00%,0.00%,0.00%,0.00%,0.00%,0.00%,0.00%,0.00%,0.00%
Eb:maj7,0.00%,0.00%,0.00%,0.00%,0.00%,0.00%,0.30%,0.00%,0.00%,0.00%,0.00%,6.62%,0.00%,2.33%,0.00%,0.00%,1.72%,0.00%,0.00%,0.00%,0.00%,0.00%,0.00%,0.00%,0.00%,0.20%,0.00%,0.00%,0.00%,5.99%,0.25%,0.00%,0.00%,0.00%,0.77%,0.00%,0.00%,0.00%,0.87%,0.00%,0.00%,0.00%,0.25%,0.00%,0.00%,0.51%,0.00%,0.00%,2.83%,0.00%,0.00%,29.73%,1.86%,3.03%,0.35%,0.46%,0.35%,2.29%,0.00%,0.00%,1.62%,1.53%,0.00%,0.00%,0.00%,0.00%,0.00%,0.00%,0.00%,0.00%,0.46%,0.00%,0.00%,0.60%,0.00%,9.77%,0.80%,4.70%,0.42%,0.00%,0.00%,0.00%,0.00%,0.00%,0.00%,0.00%,0.00%,0.00%,0.00%,0.00%,0.00%,0.66%,0.00%,3.09%,0.56%,0.00%,2.13%,1.63%,0.89%,1.62%,0.00%,0.00%,2.22%,0.00%,0.00%,5.76%,0.38%,0.00%,0.00%,0.44%,0.00%
Eb:min,0.00%,0.00%,0.19%,0.00%,0.00%,0.00%,0.00%,0.00%,0.00%,0.21%,0.00%,15.56%,0.03%,0.00%,13.89%,0.30%,1.24%,0.77%,0.00%,0.00%,9.23%,0.03%,0.30%,0.51%,0.05%,0.14%,0.00%,0.00%,0.00%,0.90%,0.00%,0.00%,5.10%,0.36%,0.08%,0.03%,0.21%,0.00%,7.89%,0.31%,0.05%,5.01%,0.34%,0.54%,0.98%,0.00%,0.00%,0.29%,0.00%,0.00%,0.00%,0.08%,0.03%,0.00%,0.00%,0.00%,0.03%,0.07%,0.00%,0.00%,0.06%,0.00%,0.00%,0.00%,0.00%,0.00%,6.37%,0.02%,0.11%,0.00%,0.00%,0.00%,0.04%,0.04%,0.18%,1.69%,0.00%,0.00%,10.26%,1.39%,1.36%,0.63%,0.25%,0.00%,4.52%,0.03%,0.51%,0.21%,0.00%,0.00%,0.12%,0.32%,0.14%,1.74%,0.00%,0.02%,3.34%,0.53%,0.07%,0.50%,0.05%,0.00%,0.03%,0.00%,0.00%,0.12%,0.00%,0.00%,0.00%,0.60%,0.00%
Eb:min7,0.00%,0.00%,0.00%,0.00%,0.00%,0.00%,0.00%,0.00%,0.00%,0.81%,0.00%,7.60%,0.00%,0.00%,12.37%,3.26%,0.57%,5.61%,0.00%,0.00%,10.04%,0.88%,0.63%,0.00%,0.00%,0.20%,0.00%,0.00%,0.00%,0.75%,0.00%,0.00%,2.52%,6.35%,0.00%,0.00%,0.99%,0.00%,6.10%,1.74%,0.27%,3.84%,2.05%,0.29%,1.14%,0.00%,0.00%,1.85%,0.00%,0.00%,0.00%,0.56%,0.00%,0.00%,0.00%,0.00%,0.00%,0.00%,0.00%,0.00%,0.00%,0.00%,0.00%,0.00%,0.00%,0.00%,0.72%,0.00%,0.84%,0.00%,0.00%,0.00%,0.00%,0.85%,0.00%,1.96%,0.00%,0.00%,7.11%,4.24%,0.21%,2.25%,0.00%,0.00%,6.89%,0.00%,0.87%,0.72%,0.00%,0.00%,0.00%,0.46%,0.00%,0.55%,0.00%,0.00%,1.04%,0.30%,0.00%,0.38%,0.00%,0.21%,0.00%,0.00%,0.00%,0.00%,0.00%,0.00%,0.00%,0.00%,0.00%
Eb:sus2,0.00%,0.00%,0.00%,0.00%,0.00%,0.00%,0.00%,0.00%,0.00%,0.96%,0.00%,6.32%,0.00%,1.70%,2.37%,0.00%,2.00%,0.49%,0.00%,0.00%,1.47%,0.00%,0.00%,0.00%,0.00%,0.00%,0.00%,0.00%,0.00%,6.53%,0.00%,0.00%,1.05%,0.91%,0.00%,0.00%,0.00%,0.00%,1.79%,0.46%,0.00%,0.00%,0.00%,0.00%,0.59%,0.00%,0.00%,0.00%,0.50%,0.00%,0.00%,3.81%,1.43%,0.32%,0.00%,0.00%,0.41%,0.00%,0.00%,0.00%,1.31%,0.18%,0.00%,0.00%,0.00%,0.00%,0.00%,0.00%,0.00%,0.24%,0.00%,0.00%,0.00%,2.23%,0.00%,33.44%,0.18%,0.92%,12.11%,0.00%,4.24%,0.48%,0.00%,0.00%,1.14%,0.00%,0.19%,0.00%,0.00%,0.28%,0.00%,0.00%,0.00%,1.93%,0.23%,0.00%,2.52%,0.39%,1.34%,1.32%,0.00%,0.00%,0.00%,0.00%,0.00%,0.81%,0.86%,0.00%,0.00%,0.55%,0.00%
Eb:sus4,0.00%,0.00%,1.35%,0.00%,0.00%,0.00%,0.00%,0.00%,0.00%,0.00%,0.00%,10.19%,0.65%,0.74%,6.97%,0.21%,1.78%,1.90%,0.00%,0.00%,2.86%,0.36%,0.25%,0.00%,0.00%,0.00%,0.00%,0.00%,0.00%,0.68%,0.00%,0.00%,3.05%,0.71%,0.00%,0.00%,0.00%,0.62%,6.66%,0.00%,0.00%,0.29%,0.00%,0.94%,0.21%,0.00%,0.00%,0.00%,0.38%,0.00%,0.00%,2.05%,0.74%,0.00%,0.00%,0.00%,0.00%,0.00%,0.00%,0.00%,0.00%,0.00%,0.00%,0.00%,0.00%,0.00%,2.18%,0.00%,0.00%,0.00%,0.00%,0.00%,0.00%,1.61%,0.00%,25.32%,0.34%,0.00%,7.35%,1.80%,1.72%,1.47%,0.39%,0.00%,4.30%,0.00%,0.31%,0.00%,0.00%,0.00%,0.00%,0.36%,0.00%,0.00%,0.00%,0.69%,2.13%,0.56%,0.61%,0.29%,0.00%,0.34%,2.34%,0.00%,0.00%,0.82%,0.69%,0.00%,0.20%,0.56%,0.00%
F#:7,0.00%,0.00%,0.64%,0.00%,0.00%,0.83%,0.00%,0.00%,0.00%,1.09%,0.00%,0.89%,0.00%,0.00%,3.96%,1.12%,2.87%,0.00%,0.00%,0.00%,42.11%,0.00%,7.82%,2.89%,3.62%,5.38%,1.37%,0.00%,0.00%,0.00%,0.00%,0.00%,1.96%,0.00%,0.00%,0.00%,0.00%,0.00%,0.00%,0.00%,0.00%,1.57%,0.00%,1.32%,0.00%,0.00%,0.00%,0.00%,0.00%,0.00%,0.00%,0.00%,0.00%,0.00%,0.00%,0.00%,0.00%,0.00%,0.00%,1.52%,0.00%,0.00%,0.00%,0.00%,0.83%,0.00%,1.06%,0.00%,0.00%,0.76%,0.00%,0.55%,0.48%,0.00%,0.00%,0.00%,0.00%,0.00%,1.56%,0.00%,0.00%,0.00%,0.00%,0.00%,8.77%,0.00%,0.00%,0.81%,0.00%,0.00%,4.19%,0.00%,0.00%,0.00%,0.00%,0.00%,0.00%,0.00%,0.00%,0.00%,0.00%,0.00%,0.00%,0.00%,0.00%,0.00%,0.00%,0.00%,0.00%,0.00%,0.00%
F#:dim,0.00%,2.62%,0.00%,0.00%,0.00%,0.00%,0.00%,0.00%,0.00%,0.00%,0.00%,0.00%,0.00%,0.00%,0.00%,0.00%,0.00%,0.00%,4.37%,0.00%,27.23%,0.00%,0.00%,0.00%,0.00%,0.00%,0.00%,0.00%,0.00%,4.00%,0.00%,0.00%,0.00%,0.00%,0.00%,0.00%,0.00%,0.00%,0.00%,0.00%,0.00%,0.00%,0.00%,0.00%,0.00%,0.00%,0.00%,0.00%,3.52%,0.00%,0.00%,0.00%,0.00%,0.00%,0.00%,1.07%,0.00%,0.00%,0.00%,0.00%,12.25%,1.65%,0.00%,0.00%,0.00%,0.00%,2.27%,0.00%,0.00%,1.42%,0.00%,0.00%,0.00%,0.00%,0.00%,0.00%,0.00%,0.00%,0.00%,0.00%,0.00%,0.00%,0.00%,0.00%,0.00%,0.00%,0.00%,0.00%,0.00%,0.00%,0.00%,0.00%,0.00%,24.93%,0.00%,0.00%,0.00%,0.00%,0.00%,0.00%,0.00%,0.00%,7.20%,0.00%,0.00%,0.00%,0.00%,0.00%,7.48%,0.00%,0.00%
F#:maj,0.03%,0.03%,0.60%,0.03%,0.06%,0.00%,0.00%,0.00%,0.00%,0.94%,0.02%,12.17%,0.05%,0.00%,7.68%,1.22%,0.41%,0.52%,0.00%,0.00%,16.68%,0.04%,1.65%,3.94%,0.12%,1.28%,0.12%,0.19%,0.00%,0.63%,0.00%,0.00%,2.07%,0.87%,0.12%,0.12%,0.09%,0.00%,9.03%,0.02%,0.56%,1.34%,0.10%,0.39%,0.35%,0.00%,0.00%,0.07%,0.22%,0.00%,0.00%,0.16%,0.06%,0.00%,0.04%,0.00%,0.02%,0.44%,0.00%,0.09%,0.10%,0.00%,0.03%,0.00%,0.02%,0.07%,4.35%,0.13%,0.32%,0.09%,0.02%,0.07%,0.00%,0.09%,0.00%,1.31%,0.00%,0.00%,5.04%,0.45%,0.02%,0.14%,0.38%,0.00%,10.65%,0.12%,1.38%,0.54%,0.04%,1.41%,1.06%,0.02%,0.15%,0.68%,0.00%,0.00%,3.20%,0.43%,0.06%,0.37%,0.00%,0.14%,1.48%,0.00%,0.04%,0.00%,0.00%,0.08%,0.00%,0.98%,0.00%
F#:maj6,0.00%,0.00%,0.92%,0.00%,0.00%,0.00%,0.00%,0.00%,0.00%,0.00%,0.00%,6.36%,0.00%,0.00%,2.87%,0.00%,2.60%,10.23%,0.00%,0.00%,10.88%,0.00%,0.00%,0.00%,0.00%,0.00%,0.00%,0.00%,0.00%,0.00%,0.00%,0.00%,0.00%,0.00%,0.00%,0.00%,0.00%,0.00%,8.28%,0.00%,1.47%,0.00%,0.00%,0.00%,0.00%,0.00%,0.00%,0.00%,0.00%,0.00%,0.00%,0.00%,0.00%,0.00%,0.00%,0.00%,0.00%,0.98%,0.00%,0.00%,0.00%,0.00%,0.00%,0.00%,0.00%,0.00%,11.59%,0.00%,0.00%,0.00%,0.00%,1.69%,0.00%,0.00%,0.00%,1.87%,0.00%,0.00%,2.94%,0.00%,0.00%,0.00%,0.00%,0.00%,23.69%,2.04%,0.00%,0.00%,0.00%,1.19%,0.00%,0.00%,0.00%,6.54%,0.00%,0.00%,3.85%,0.00%,0.00%,0.00%,0.00%,0.00%,0.00%,0.00%,0.00%,0.00%,0.00%,0.00%,0.00%,0.00%,0.00%
F#:maj7,0.00%,0.00%,0.00%,0.00%,0.00%,0.00%,0.00%,0.00%,0.00%,4.93%,0.00%,8.29%,0.56%,0.00%,2.99%,0.33%,1.02%,0.58%,0.00%,0.35%,4.04%,0.00%,0.31%,0.00%,0.00%,0.00%,0.00%,0.00%,0.00%,1.63%,0.00%,0.00%,4.53%,0.27%,1.10%,0.81%,0.00%,0.00%,8.55%,0.00%,5.36%,0.28%,0.00%,1.20%,1.06%,0.00%,0.00%,0.00%,0.00%,0.00%,0.00%,0.00%,0.00%,0.00%,0.00%,0.00%,0.00%,0.00%,0.00%,0.00%,0.00%,0.00%,0.00%,0.00%,0.00%,0.00%,0.35%,0.00%,0.00%,0.00%,0.00%,0.00%,0.00%,1.38%,0.00%,5.58%,0.00%,0.00%,10.99%,7.68%,0.00%,1.24%,0.00%,0.00%,7.20%,3.14%,2.96%,0.00%,0.00%,1.50%,0.00%,0.00%,0.00%,0.40%,0.00%,0.00%,5.01%,1.84%,0.00%,0.00%,0.00%,0.65%,0.00%,0.00%,0.00%,1.03%,0.00%,0.00%,0.00%,0.84%,0.00%
F#:min,0.11%,0.00%,6.34%,0.04%,0.32%,0.50%,0.00%,0.09%,0.02%,0.12%,0.00%,0.71%,0.00%,0.00%,2.61%,0.42%,0.00%,0.23%,0.24%,0.00%,13.11%,0.03%,0.07%,19.96%,2.09%,1.38%,0.47%,0.00%,0.00%,0.00%,0.00%,0.00%,0.12%,0.00%,0.00%,0.00%,0.00%,0.00%,0.56%,0.00%,0.00%,4.67%,0.41%,0.07%,0.12%,0.00%,0.00%,0.00%,0.06%,0.00%,0.00%,0.00%,0.00%,0.00%,0.00%,0.00%,0.00%,9.89%,0.07%,0.34%,0.22%,0.00%,0.46%,0.00%,0.04%,0.00%,6.82%,0.11%,0.15%,3.41%,0.21%,0.16%,0.25%,0.00%,0.03%,0.06%,0.00%,0.00%,0.17%,0.00%,0.00%,0.00%,0.04%,0.04%,1.38%,0.04%,0.00%,11.02%,0.52%,0.71%,0.84%,0.00%,0.00%,0.14%,0.00%,0.00%,0.16%,0.00%,0.00%,0.00%,0.00%,0.00%,6.91%,0.00%,0.34%,0.03%,0.00%,0.00%,0.00%,0.53%,0.00%
F#:min7,0.00%,0.00%,5.92%,0.00%,1.44%,1.25%,0.00%,0.00%,0.00%,1.72%,0.00%,1.00%,0.00%,0.00%,2.02%,0.49%,0.00%,0.00%,2.39%,0.00%,5.16%,0.00%,0.00%,5.71%,1.29%,2.42%,0.56%,0.00%,0.00%,0.00%,0.00%,0.00%,0.00%,0.00%,0.00%,0.00%,0.00%,0.00%,0.00%,0.00%,0.00%,1.46%,3.15%,0.00%,0.88%,0.00%,0.00%,0.00%,0.50%,0.00%,0.00%,0.00%,0.00%,0.00%,0.00%,0.00%,0.00%,11.09%,0.88%,1.20%,0.00%,0.00%,3.17%,0.00%,0.00%,0.00%,5.18%,0.84%,0.00%,2.82%,0.70%,0.83%,1.61%,0.00%,1.25%,0.00%,0.00%,0.00%,0.00%,0.00%,0.00%,0.00%,0.39%,0.00%,0.43%,0.00%,0.00%,8.30%,4.44%,2.76%,1.58%,0.00%,0.84%,0.00%,0.00%,0.72%,0.00%,0.58%,0.00%,0.00%,0.00%,1.22%,10.11%,0.00%,0.43%,0.00%,0.00%,0.00%,0.00%,1.25%,0.00%
F#:sus2,0.00%,0.00%,1.54%,0.00%,1.35%,0.87%,0.00%,0.00%,0.00%,0.77%,0.00%,4.66%,0.00%,0.14%,3.60%,0.55%,1.78%,1.55%,0.00%,0.00%,8.81%,0.35%,0.70%,0.30%,0.00%,1.18%,0.15%,0.22%,0.00%,0.20%,0.00%,0.00%,2.60%,1.91%,0.00%,0.00%,0.32%,0.00%,15.02%,0.00%,0.00%,2.39%,2.36%,0.45%,0.23%,0.00%,0.00%,0.00%,0.00%,0.00%,0.00%,0.00%,0.21%,0.00%,0.00%,0.00%,0.00%,3.39%,0.00%,0.29%,0.00%,0.00%,0.00%,0.00%,0.00%,0.00%,1.83%,0.15%,0.20%,0.00%,0.00%,0.00%,0.22%,0.00%,0.00%,0.81%,0.00%,0.00%,1.87%,1.09%,0.70%,0.00%,0.45%,0.00%,17.94%,0.00%,0.00%,10.18%,1.68%,2.21%,1.34%,0.00%,0.00%,0.00%,0.00%,0.00%,0.29%,0.00%,0.00%,0.00%,0.00%,0.00%,0.36%,0.00%,0.00%,0.00%,0.00%,0.00%,0.00%,0.81%,0.00%
F#:sus4,0.00%,0.00%,0.80%,0.00%,0.19%,0.28%,0.00%,0.00%,0.00%,0.66%,0.00%,0.40%,0.00%,0.00%,2.78%,0.56%,0.00%,0.00%,0.61%,0.00%,12.15%,0.00%,0.34%,5.84%,0.00%,2.13%,1.20%,0.00%,0.00%,0.00%,0.00%,0.00%,0.25%,0.00%,0.00%,0.00%,0.00%,0.00%,1.20%,0.00%,0.26%,3.28%,0.21%,0.00%,0.00%,0.00%,0.00%,0.00%,0.00%,0.00%,0.32%,0.00%,0.00%,0.00%,0.00%,0.00%,0.00%,6.10%,0.84%,0.54%,0.00%,0.00%,0.80%,0.00%,0.00%,0.00%,5.74%,0.00%,0.46%,1.30%,0.00%,0.83%,0.00%,0.00%,0.00%,0.00%,0.00%,0.00%,0.37%,0.45%,0.00%,0.00%,0.00%,0.00%,28.75%,0.00%,0.00%,10.99%,1.82%,1.35%,3.09%,0.00%,0.00%,0.00%,0.00%,0.00%,0.00%,0.66%,0.00%,0.00%,0.00%,0.00%,1.43%,0.00%,0.68%,0.00%,0.00%,0.00%,0.00%,0.32%,0.00%
F:7,0.00%,0.00%,0.00%,0.00%,0.00%,0.00%,0.00%,0.00%,0.00%,0.00%,0.00%,4.46%,0.00%,0.00%,0.00%,0.00%,0.00%,0.00%,0.00%,0.00%,0.00%,0.00%,0.00%,0.00%,0.00%,0.00%,0.00%,0.00%,0.00%,38.39%,0.00%,1.47%,16.94%,0.00%,3.63%,2.16%,0.00%,0.65%,0.00%,0.00%,0.00%,0.00%,0.00%,0.00%,0.00%,0.00%,0.00%,0.00%,0.91%,0.00%,0.00%,0.45%,0.00%,0.00%,0.00%,0.00%,0.00%,0.00%,0.00%,0.00%,0.00%,0.69%,0.00%,0.00%,0.00%,0.00%,1.98%,0.00%,0.00%,0.00%,0.00%,0.00%,0.00%,0.00%,0.00%,2.30%,0.45%,0.00%,1.08%,0.00%,1.37%,0.00%,0.00%,0.00%,2.27%,0.00%,0.00%,0.00%,0.00%,0.00%,0.00%,3.72%,0.00%,12.18%,1.36%,0.00%,3.08%,0.00%,0.45%,0.00%,0.00%,0.00%,0.00%,0.00%,0.00%,0.00%,0.00%,0.00%,0.00%,0.00%,0.00%
F:dim,0.00%,0.00%,0.00%,0.00%,0.00%,0.00%,0.00%,2.68%,0.00%,0.00%,0.00%,0.00%,0.00%,0.00%,0.00%,0.00%,0.00%,0.00%,0.00%,0.00%,0.00%,0.00%,0.00%,0.00%,0.00%,0.00%,0.00%,0.00%,0.00%,27.69%,0.00%,0.00%,0.00%,0.00%,0.00%,0.00%,0.00%,0.00%,0.00%,0.00%,0.00%,22.72%,0.00%,0.00%,0.00%,0.00%,0.00%,0.00%,0.00%,0.00%,0.00%,0.00%,0.00%,0.00%,0.00%,0.00%,0.00%,5.82%,0.00%,0.00%,0.00%,0.00%,0.00%,0.00%,0.00%,0.00%,20.66%,0.00%,0.00%,0.00%,0.00%,0.00%,0.00%,0.00%,0.00%,0.00%,0.00%,0.00%,0.00%,0.00%,0.00%,0.00%,0.00%,0.00%,12.63%,0.00%,0.00%,2.17%,0.00%,0.00%,0.00%,0.00%,0.00%,3.02%,0.00%,0.00%,0.00%,0.00%,0.00%,0.00%,0.00%,0.00%,2.61%,0.00%,0.00%,0.00%,0.00%,0.00%,0.00%,0.00%,0.00%
F:maj,0.16%,0.00%,1.16%,0.00%,0.00%,3.14%,0.53%,0.05%,0.07%,0.00%,0.00%,0.70%,0.02%,0.02%,0.00%,0.00%,0.02%,0.00%,0.00%,0.32%,0.05%,0.00%,0.02%,0.19%,0.04%,0.00%,0.05%,0.07%,0.00%,15.13%,0.00%,0.89%,2.52%,0.14%,0.59%,0.32%,0.00%,0.11%,1.26%,0.00%,0.00%,0.00%,0.00%,0.09%,0.00%,0.09%,0.00%,0.00%,8.41%,0.04%,0.47%,0.97%,0.04%,0.33%,0.37%,0.24%,0.08%,1.97%,0.00%,0.00%,7.60%,0.64%,0.10%,0.14%,0.15%,0.13%,1.02%,0.00%,0.00%,3.95%,0.29%,0.00%,0.24%,0.00%,0.01%,4.11%,0.03%,0.13%,0.29%,0.00%,0.07%,0.00%,0.00%,0.09%,0.71%,0.00%,0.06%,0.00%,0.00%,0.00%,0.00%,0.29%,0.02%,10.92%,0.12%,1.53%,0.81%,0.06%,1.30%,0.36%,0.08%,0.00%,11.20%,0.02%,0.05%,9.72%,0.62%,0.56%,0.78%,1.13%,0.00%
F:maj6,0.00%,0.00%,0.00%,0.00%,0.00%,1.60%,0.00%,0.00%,0.00%,0.00%,0.00%,2.30%,0.00%,0.00%,0.00%,0.00%,0.00%,0.00%,0.00%,0.00%,0.00%,0.00%,0.00%,0.00%,0.00%,0.00%,0.00%,0.00%,0.00%,7.45%,0.00%,0.00%,0.00%,0.00%,2.53%,0.00%,0.00%,0.00%,0.00%,0.00%,0.00%,0.00%,0.00%,1.36%,0.00%,2.53%,0.00%,0.00%,5.20%,0.00%,3.41%,0.00%,0.00%,0.00%,0.00%,0.00%,0.00%,1.95%,0.00%,0.00%,2.97%,0.00%,0.00%,0.00%,0.00%,0.00%,0.00%,0.00%,0.00%,0.00%,2.49%,0.00%,0.00%,0.00%,0.00%,12.89%,0.00%,3.20%,0.00%,0.00%,0.00%,0.00%,0.00%,0.00%,0.00%,0.00%,0.00%,0.00%,0.00%,0.00%,0.00%,0.00%,0.00%,16.84%,3.38%,0.00%,2.81%,0.00%,5.37%,1.66%,5.61%,0.00%,1.46%,0.00%,0.00%,6.33%,4.05%,2.60%,0.00%,0.00%,0.00%
F:maj7,0.00%,0.00%,1.98%,0.00%,0.00%,2.82%,3.83%,0.33%,1.50%,0.00%,0.00%,0.00%,0.00%,0.00%,0.00%,0.00%,0.00%,0.00%,0.00%,0.63%,0.00%,0.00%,0.00%,0.00%,0.00%,0.00%,0.00%,0.00%,0.00%,11.45%,0.00%,1.44%,0.00%,0.00%,0.37%,0.00%,0.00%,0.00%,0.28%,0.00%,0.00%,0.00%,0.00%,0.00%,0.00%,0.00%,0.00%,0.00%,7.46%,0.21%,0.97%,0.00%,0.00%,1.01%,0.00%,0.00%,0.00%,1.35%,0.00%,0.00%,11.53%,3.99%,0.35%,0.00%,0.00%,0.00%,1.80%,0.00%,0.00%,3.66%,2.23%,0.00%,1.38%,0.00%,0.00%,0.00%,0.00%,0.42%,0.00%,0.28%,0.00%,0.00%,0.00%,0.00%,0.24%,0.00%,0.00%,0.43%,0.00%,0.00%,0.00%,0.35%,0.00%,13.75%,0.00%,4.60%,0.00%,0.70%,2.61%,1.90%,0.87%,0.00%,6.87%,0.26%,0.00%,1.33%,0.82%,1.13%,2.22%,0.66%,0.00%
F:min,0.00%,0.00%,0.00%,0.00%,0.00%,0.19%,0.00%,0.00%,0.00%,0.09%,0.00%,5.59%,0.07%,0.77%,0.07%,0.00%,0.11%,0.17%,0.00%,0.05%,0.00%,0.00%,0.00%,0.00%,0.00%,0.00%,0.00%,0.18%,0.00%,13.14%,0.00%,0.00%,17.08%,0.83%,0.51%,0.29%,0.07%,0.00%,9.11%,0.00%,0.27%,0.29%,0.05%,0.10%,0.00%,0.02%,0.13%,0.00%,1.61%,0.00%,0.11%,6.22%,0.22%,0.18%,0.34%,0.00%,0.04%,0.04%,0.00%,0.00%,0.07%,0.00%,0.00%,0.00%,0.00%,0.00%,0.00%,0.00%,0.00%,0.27%,0.00%,0.00%,0.00%,0.09%,0.00%,7.85%,0.34%,0.02%,2.69%,0.53%,0.49%,0.25%,0.00%,0.00%,5.81%,0.03%,0.10%,0.11%,0.00%,0.07%,0.00%,0.15%,0.08%,2.29%,0.00%,0.02%,11.45%,1.23%,1.73%,0.62%,0.15%,0.07%,1.27%,0.00%,0.00%,3.20%,0.12%,0.00%,0.28%,0.69%,0.00%
F:min7,0.00%,0.00%,0.00%,0.00%,0.00%,0.00%,0.00%,0.00%,0.00%,0.00%,0.00%,8.77%,0.00%,0.94%,0.00%,0.00%,1.25%,0.53%,0.00%,0.00%,0.00%,0.00%,0.00%,0.00%,0.00%,0.00%,0.00%,0.00%,0.00%,8.13%,0.32%,0.00%,8.60%,5.32%,1.86%,4.53%,0.00%,0.00%,10.56%,0.00%,0.99%,0.29%,0.00%,0.00%,0.00%,0.00%,0.00%,0.00%,0.00%,0.00%,0.00%,2.07%,1.34%,0.00%,1.21%,0.00%,0.64%,0.00%,0.00%,0.00%,0.77%,0.00%,0.00%,0.00%,0.00%,0.00%,0.00%,0.00%,0.00%,0.00%,0.00%,0.00%,0.00%,0.51%,0.00%,7.53%,0.83%,0.35%,1.99%,0.96%,1.27%,0.50%,0.00%,0.00%,11.62%,0.00%,0.74%,0.00%,0.00%,0.68%,0.00%,0.12%,0.00%,0.35%,0.00%,0.20%,5.88%,2.48%,1.38%,1.80%,0.63%,0.00%,0.62%,0.00%,0.00%,0.55%,0.54%,0.00%,0.00%,0.38%,0.00%
F:sus2,0.46%,0.17%,0.24%,0.00%,0.00%,0.14%,2.68%,0.00%,0.00%,0.00%,0.00%,2.21%,0.00%,0.59%,0.00%,0.00%,0.27%,0.00%,0.00%,0.00%,0.00%,0.00%,0.00%,0.00%,0.00%,0.00%,0.00%,0.12%,0.00%,6.92%,0.00%,1.41%,0.39%,0.00%,1.33%,0.00%,0.00%,0.00%,3.27%,0.00%,0.19%,0.00%,0.00%,0.38%,0.00%,0.00%,0.00%,0.00%,6.06%,0.00%,0.34%,2.05%,0.00%,1.08%,0.33%,0.00%,0.00%,0.90%,0.00%,0.00%,1.59%,0.86%,0.40%,0.30%,0.00%,0.00%,0.53%,0.00%,0.00%,1.42%,0.00%,0.00%,0.00%,0.00%,0.00%,1.85%,0.00%,0.12%,0.00%,0.00%,0.31%,0.00%,0.00%,0.00%,0.00%,0.00%,0.00%,0.00%,0.00%,0.00%,0.00%,0.22%,0.00%,22.17%,0.98%,1.39%,16.12%,1.40%,2.62%,1.98%,0.84%,0.00%,3.66%,0.00%,0.00%,4.36%,0.47%,1.67%,1.39%,1.78%,0.00%
F:sus4,0.00%,1.14%,0.00%,0.00%,0.00%,0.40%,0.00%,0.00%,0.00%,0.00%,0.00%,2.23%,0.00%,0.00%,0.00%,0.00%,0.00%,0.00%,0.00%,0.00%,0.25%,0.00%,0.00%,0.00%,0.00%,0.00%,0.00%,0.00%,0.00%,13.43%,0.00%,2.15%,4.66%,1.14%,2.48%,0.31%,0.00%,0.00%,6.13%,0.00%,0.52%,0.00%,0.00%,0.86%,0.00%,0.00%,0.00%,0.00%,2.76%,0.00%,0.00%,1.88%,1.01%,0.00%,0.47%,0.00%,0.00%,0.00%,0.00%,0.00%,2.97%,0.27%,0.00%,0.00%,0.00%,0.00%,0.00%,0.00%,0.00%,0.00%,0.00%,0.00%,0.00%,0.00%,0.00%,5.59%,0.00%,0.28%,1.51%,0.00%,0.25%,0.80%,0.00%,0.00%,1.55%,0.00%,0.00%,0.00%,0.00%,0.00%,0.00%,1.00%,0.37%,21.03%,0.34%,0.00%,10.13%,1.23%,3.76%,4.57%,0.00%,0.00%,0.00%,0.00%,0.00%,0.96%,1.28%,0.30%,0.00%,0.00%,0.00%
G:7,0.00%,0.00%,1.31%,0.00%,0.00%,6.70%,0.00%,0.00%,0.00%,0.00%,0.00%,0.00%,0.00%,0.00%,0.00%,0.00%,0.00%,0.00%,0.00%,0.00%,0.00%,0.00%,0.00%,0.00%,0.00%,0.00%,0.00%,0.00%,0.00%,0.00%,0.00%,0.00%,0.00%,0.00%,0.00%,0.00%,0.00%,0.00%,0.00%,0.00%,0.00%,0.00%,0.00%,0.00%,0.00%,1.21%,0.00%,0.00%,49.28%,0.00%,1.86%,2.85%,1.99%,0.64%,3.97%,0.00%,0.00%,0.52%,0.00%,0.00%,1.57%,0.00%,0.52%,0.98%,0.00%,6.49%,0.68%,0.00%,0.00%,1.78%,2.13%,0.00%,0.00%,0.00%,0.00%,0.00%,0.00%,0.87%,0.00%,0.00%,0.00%,0.00%,0.00%,0.00%,0.00%,0.00%,0.00%,0.00%,0.00%,0.00%,0.00%,0.00%,0.00%,6.00%,0.00%,2.06%,0.79%,0.00%,0.00%,0.00%,1.48%,0.00%,3.53%,0.00%,0.00%,0.00%,0.00%,0.00%,0.81%,0.00%,0.00%
G:dim,0.00%,0.00%,0.00%,0.00%,0.00%,0.00%,0.00%,0.00%,0.00%,0.00%,0.00%,11.55%,0.00%,0.00%,0.00%,1.62%,0.00%,2.12%,0.00%,0.00%,1.65%,0.00%,0.00%,0.00%,0.00%,0.00%,0.00%,0.00%,0.00%,0.00%,0.00%,0.00%,0.00%,0.00%,0.00%,0.00%,0.00%,0.00%,0.00%,0.00%,0.00%,0.00%,2.89%,0.00%,0.00%,1.86%,0.00%,0.00%,7.95%,0.00%,0.00%,7.82%,0.00%,0.00%,0.00%,0.00%,0.00%,0.00%,0.00%,0.00%,0.00%,0.00%,0.00%,0.00%,0.00%,0.00%,11.73%,0.00%,0.00%,0.00%,0.00%,0.00%,0.00%,4.02%,0.00%,0.00%,0.00%,0.00%,5.17%,0.00%,4.02%,8.03%,0.00%,0.00%,9.07%,0.00%,0.00%,0.00%,0.00%,0.00%,0.00%,0.00%,0.00%,6.07%,0.00%,0.00%,2.75%,0.00%,0.00%,0.00%,0.00%,11.70%,0.00%,0.00%,0.00%,0.00%,0.00%,0.00%,0.00%,0.00%,0.00%
G:maj,0.50%,0.00%,11.52%,0.00%,0.00%,9.30%,0.99%,0.57%,0.62%,0.00%,0.07%,0.93%,0.00%,0.06%,0.00%,0.00%,0.00%,0.00%,0.04%,0.05%,0.95%,0.00%,0.01%,2.80%,0.67%,0.00%,0.08%,0.00%,0.02%,0.58%,0.02%,0.13%,0.07%,0.00%,0.00%,0.00%,0.07%,0.13%,0.12%,0.00%,0.00%,0.08%,0.00%,0.00%,0.02%,0.07%,0.00%,0.00%,17.49%,0.03%,0.84%,3.91%,0.04%,1.74%,0.24%,0.06%,0.00%,7.14%,0.03%,0.14%,1.09%,0.04%,0.26%,0.22%,0.04%,0.00%,1.29%,0.00%,0.00%,7.51%,0.64%,0.03%,0.21%,0.00%,0.00%,0.49%,0.00%,0.02%,0.00%,0.00%,0.00%,0.00%,0.00%,0.37%,0.82%,0.00%,0.00%,2.70%,0.07%,0.00%,0.11%,0.00%,0.00%,4.59%,0.03%,0.20%,0.27%,0.05%,0.14%,0.05%,0.55%,0.01%,10.58%,0.11%,1.14%,0.54%,0.10%,1.38%,1.16%,1.03%,0.00%
G:maj6,0.00%,0.00%,0.00%,0.00%,0.00%,3.50%,0.00%,0.00%,1.20%,0.00%,0.00%,0.00%,0.00%,0.00%,0.00%,0.00%,0.00%,0.00%,0.00%,0.00%,2.00%,0.00%,0.00%,0.00%,0.00%,0.00%,0.00%,0.00%,0.00%,0.00%,0.00%,0.00%,0.00%,0.00%,0.00%,0.00%,0.00%,0.00%,0.00%,0.00%,0.00%,0.00%,0.00%,0.00%,0.00%,0.00%,0.00%,0.00%,9.09%,0.00%,2.15%,0.00%,0.00%,2.15%,0.00%,3.91%,0.00%,11.27%,0.00%,0.00%,0.00%,0.00%,0.00%,0.00%,0.00%,0.00%,2.10%,0.00%,0.00%,0.00%,0.00%,0.00%,0.00%,0.00%,0.00%,0.00%,0.00%,0.00%,0.00%,0.00%,0.00%,0.00%,0.00%,0.00%,0.00%,0.00%,0.00%,0.00%,2.22%,0.00%,0.00%,0.00%,0.00%,22.68%,0.00%,0.00%,0.00%,0.00%,0.00%,0.00%,0.00%,0.00%,26.98%,0.00%,0.00%,1.28%,0.00%,4.03%,5.45%,0.00%,0.00%
G:maj7,0.65%,0.00%,6.33%,0.28%,0.00%,0.76%,0.00%,0.53%,1.88%,0.00%,0.00%,0.00%,0.00%,0.00%,0.44%,0.00%,0.00%,0.40%,0.00%,0.00%,0.68%,0.00%,0.38%,4.25%,3.41%,0.00%,0.34%,0.00%,0.00%,0.00%,0.00%,0.67%,0.00%,0.00%,0.00%,0.00%,0.00%,0.37%,0.00%,0.00%,0.00%,0.34%,0.00%,0.00%,0.00%,0.00%,0.00%,0.00%,7.67%,0.00%,0.77%,0.79%,0.00%,0.45%,0.00%,0.00%,0.00%,6.48%,0.00%,0.78%,0.36%,0.00%,0.90%,0.47%,0.00%,0.00%,1.76%,0.00%,0.00%,19.09%,4.79%,0.00%,0.97%,0.00%,0.00%,0.00%,0.00%,0.00%,0.00%,0.00%,0.00%,0.00%,0.38%,0.00%,0.99%,0.00%,0.00%,4.12%,0.81%,0.00%,1.22%,0.00%,0.00%,1.09%,0.00%,0.00%,0.00%,0.00%,0.59%,0.00%,0.85%,0.00%,11.41%,0.44%,6.15%,0.30%,0.00%,1.59%,2.44%,0.58%,0.00%
G:min,0.04%,0.02%,1.50%,0.00%,0.00%,4.10%,0.58%,0.02%,0.28%,0.00%,0.03%,4.06%,0.00%,0.23%,0.13%,0.00%,0.27%,0.00%,0.00%,0.00%,0.06%,0.00%,0.00%,0.10%,0.00%,0.00%,0.00%,0.05%,0.02%,5.43%,0.23%,0.65%,0.05%,0.00%,0.06%,0.00%,0.00%,0.04%,0.30%,0.00%,0.00%,0.00%,0.00%,0.00%,0.00%,0.16%,0.00%,0.00%,13.31%,0.06%,0.00%,17.69%,0.73%,1.69%,0.83%,0.05%,0.00%,1.43%,0.00%,0.00%,4.98%,0.52%,0.02%,0.18%,0.00%,0.07%,0.00%,0.00%,0.00%,0.06%,0.00%,0.00%,0.00%,0.00%,0.00%,12.93%,0.00%,0.69%,0.17%,0.00%,0.33%,0.13%,0.00%,0.07%,0.06%,0.00%,0.08%,0.07%,0.00%,0.00%,0.00%,0.05%,0.00%,7.67%,0.30%,0.06%,2.25%,0.06%,0.24%,0.09%,0.00%,0.08%,1.59%,0.00%,0.03%,9.19%,1.03%,1.34%,0.95%,0.48%,0.00%
G:min7,0.00%,0.00%,1.30%,0.00%,0.00%,0.00%,1.15%,0.40%,0.00%,0.00%,0.00%,1.25%,0.00%,0.29%,0.00%,0.00%,0.00%,0.00%,0.00%,0.35%,0.00%,0.00%,0.00%,0.00%,0.00%,0.00%,0.00%,0.00%,0.00%,4.32%,0.00%,1.54%,0.76%,0.00%,0.70%,0.00%,0.00%,0.00%,0.15%,0.00%,0.29%,0.00%,0.00%,0.15%,0.00%,0.92%,0.00%,0.00%,8.55%,0.00%,0.00%,12.11%,5.34%,2.17%,2.17%,0.00%,0.00%,0.21%,0.00%,0.00%,1.43%,2.36%,0.00%,1.74%,0.00%,0.47%,0.00%,0.00%,0.00%,0.00%,0.00%,0.00%,0.00%,0.00%,0.00%,12.93%,0.00%,1.06%,0.00%,0.00%,1.61%,0.58%,0.00%,0.00%,0.75%,0.39%,0.00%,0.00%,0.39%,0.00%,0.00%,0.34%,0.00%,8.37%,0.00%,0.00%,1.08%,0.24%,0.22%,1.05%,0.00%,0.00%,0.48%,0.00%,0.00%,9.17%,5.63%,2.32%,3.26%,0.00%,0.00%
G:sus2,2.41%,0.00%,1.83%,0.00%,0.00%,2.86%,1.48%,0.77%,0.63%,0.00%,0.00%,0.25%,0.00%,0.00%,0.00%,0.00%,0.00%,0.00%,0.18%,0.00%,1.43%,0.00%,0.00%,3.50%,1.94%,0.00%,0.85%,0.00%,0.00%,2.82%,0.19%,3.92%,0.00%,0.00%,0.00%,0.00%,0.00%,0.43%,0.00%,0.00%,0.00%,0.00%,0.00%,0.00%,0.00%,0.00%,0.00%,0.00%,4.88%,1.05%,0.31%,0.52%,0.49%,1.40%,0.59%,0.59%,0.00%,4.69%,0.00%,1.12%,0.59%,0.77%,0.00%,0.90%,0.00%,0.00%,0.00%,0.00%,0.00%,2.59%,1.23%,0.44%,0.30%,0.00%,0.00%,2.68%,0.00%,0.14%,0.00%,0.00%,0.16%,0.00%,0.00%,0.00%,0.39%,0.00%,0.00%,0.62%,0.00%,0.00%,0.00%,0.00%,0.00%,2.14%,0.00%,0.71%,0.00%,0.00%,0.74%,0.00%,0.92%,0.00%,18.75%,0.48%,1.18%,8.61%,1.84%,7.15%,4.22%,1.30%,0.00%
G:sus4,0.00%,0.00%,0.00%,0.00%,0.00%,3.64%,0.81%,0.22%,0.00%,0.00%,0.00%,3.32%,0.00%,0.12%,0.00%,0.00%,0.00%,0.00%,0.00%,0.12%,0.00%,0.00%,0.00%,0.20%,0.63%,0.00%,0.00%,0.00%,0.00%,1.01%,0.00%,0.22%,0.00%,0.00%,0.00%,0.00%,0.00%,0.00%,0.00%,0.00%,0.00%,0.00%,0.00%,0.00%,0.00%,0.00%,0.00%,0.00%,21.67%,0.00%,1.38%,3.92%,0.27%,1.30%,1.55%,0.00%,0.00%,2.05%,0.00%,0.00%,0.30%,0.17%,0.17%,0.48%,0.21%,0.00%,0.47%,0.00%,0.00%,2.20%,1.34%,0.00%,0.00%,0.00%,0.00%,2.24%,0.00%,0.23%,0.00%,0.00%,0.00%,0.00%,0.00%,0.00%,0.00%,0.00%,0.00%,0.00%,0.00%,0.00%,0.00%,0.00%,0.00%,4.01%,0.57%,0.92%,0.42%,0.00%,0.00%,0.16%,0.23%,0.00%,24.05%,0.53%,0.00%,5.08%,2.12%,4.97%,6.46%,0.24%,0.00%
end_chord,0.00%,0.00%,0.00%,0.00%,0.00%,0.00%,0.00%,0.00%,0.00%,0.00%,0.00%,0.00%,0.00%,0.00%,0.00%,0.00%,0.00%,0.00%,0.00%,0.00%,0.00%,0.00%,0.00%,0.00%,0.00%,0.00%,0.00%,0.00%,0.00%,0.00%,0.00%,0.00%,0.00%,0.00%,0.00%,0.00%,0.00%,0.00%,0.00%,0.00%,0.00%,0.00%,0.00%,0.00%,0.00%,0.00%,0.00%,0.00%,0.00%,0.00%,0.00%,0.00%,0.00%,0.00%,0.00%,0.00%,0.00%,0.00%,0.00%,0.00%,0.00%,0.00%,0.00%,0.00%,0.00%,0.00%,0.00%,0.00%,0.00%,0.00%,0.00%,0.00%,0.00%,0.00%,0.00%,0.00%,0.00%,0.00%,0.00%,0.00%,0.00%,0.00%,0.00%,0.00%,0.00%,0.00%,0.00%,0.00%,0.00%,0.00%,0.00%,0.00%,0.00%,0.00%,0.00%,0.00%,0.00%,0.00%,0.00%,0.00%,0.00%,0.00%,0.00%,0.00%,0.00%,0.00%,0.00%,0.00%,0.00%,0.00%,100.00%
start_chord,0.00%,0.00%,4.46%,0.00%,0.27%,2.11%,0.64%,0.82%,0.07%,0.00%,0.00%,4.21%,0.00%,0.00%,2.51%,0.19%,0.62%,0.00%,0.00%,0.00%,3.88%,0.10%,0.28%,3.39%,0.31%,0.39%,0.11%,0.00%,0.00%,3.40%,0.11%,0.07%,2.69%,0.07%,0.76%,0.00%,0.00%,0.00%,4.74%,0.00%,0.08%,2.55%,0.09%,0.66%,0.15%,0.00%,0.00%,0.00%,7.14%,0.00%,0.43%,2.71%,0.00%,1.57%,0.23%,0.00%,0.00%,5.48%,0.21%,0.12%,2.07%,0.12%,0.85%,0.12%,0.00%,0.00%,3.20%,0.07%,0.59%,2.15%,0.23%,0.59%,0.00%,0.00%,0.00%,5.26%,0.00%,0.27%,1.91%,0.13%,0.38%,0.00%,0.09%,0.00%,3.15%,0.00%,0.47%,1.82%,0.08%,0.67%,0.00%,0.00%,0.00%,5.90%,0.00%,0.34%,1.98%,0.14%,0.24%,0.10%,0.11%,0.00%,5.56%,0.00%,0.32%,2.37%,0.21%,0.72%,0.13%,0.00%,0.00%
